meals_served,kitchen_staff,temperature_C,humidity_percent,day_of_week,special_event,past_waste_kg,staff_experience_beginner,staff_experience_expert,staff_experience_intermediate,waste_category_dairy,waste_category_grains,waste_category_meat,waste_category_vegetables,food_waste_kg
1.1325834275971245,-0.22056968525186374,-1.1409236332759942,-0.10905698970901265,1.4754779732972196,-0.30779350562554625,-0.2661056017766555,0.0,0.0,1.0,0.0,0.0,0.0,1.0,45.68508645035617
0.950357784025618,-1.163739910587293,0.25799930459353515,0.6097421196551136,-0.5173753932340899,-0.30779350562554625,0.4854276041201575,0.0,0.0,1.0,1.0,0.0,0.0,0.0,50.20667218119864
1.3072163360198183,0.7226005400835656,-0.14720161872207319,-0.4033263217381589,-0.5173753932340899,-0.30779350562554625,1.0893376154034957,0.0,1.0,0.0,0.0,0.0,1.0,0.0,61.213325501284864
1.3755509523591334,0.9583930964174229,0.7790918595515647,1.4970726241997083,-0.019162051601262522,-0.30779350562554625,1.0704412741151466,0.0,1.0,0.0,1.0,0.0,0.0,0.0,65.3828108015209
0.06960050676333593,0.2510154274158509,0.052446690234081265,0.3061599394339387,0.9772646316643921,-0.30779350562554625,1.558598145029274,1.0,0.0,0.0,0.0,0.0,1.0,0.0,60.62586880031563
0.7985030810493624,-1.6353250232550078,3.144739612853293,0.7176056469071037,-1.5138020764997446,-0.30779350562554625,-0.41200398288174783,1.0,0.0,0.0,0.0,0.0,1.0,0.0,40.89364052229679
0.4720154696504131,-0.6921547979195785,0.23850979984945422,-1.605850134321286,1.4754779732972196,-0.30779350562554625,1.5484570275603136,0.0,0.0,1.0,0.0,1.0,0.0,0.0,49.48425076677764
0.7605394053052986,-0.4563622415857211,1.1054745949025848,1.1241941678401315,-1.0155887348669173,-0.30779350562554625,-0.060245453613977054,1.0,0.0,0.0,1.0,0.0,0.0,0.0,50.904230038059005
1.1022124870018735,-0.4563622415857211,0.5161608922791951,-1.115341645474023,0.4790512900315648,-0.30779350562554625,1.448937042558719,0.0,0.0,1.0,1.0,0.0,0.0,0.0,52.143235607984685
-0.6213383917786267,-0.6921547979195785,-0.25373828799305065,0.5235113566167362,-1.5138020764997446,-0.30779350562554625,-1.060165994101136,0.0,0.0,1.0,0.0,0.0,0.0,1.0,27.484251901320704
-1.4185755824039683,-0.4563622415857211,0.18882677960986782,-1.617132623204094,-1.0155887348669173,3.248931448269655,1.6787714773960498,0.0,1.0,0.0,0.0,0.0,0.0,1.0,60.93248672044817
0.1758987988467148,-0.9279473542534358,-1.1146082912352615,0.4275619829576824,1.4754779732972196,-0.30779350562554625,1.2928989437665284,0.0,0.0,1.0,0.0,1.0,0.0,0.0,52.31782235802555
0.08478597706096148,-1.3995324669211504,-0.3497464476075954,-1.521962624360335,-1.0155887348669173,-0.30779350562554625,0.15316864009235312,0.0,0.0,1.0,0.0,1.0,0.0,0.0,40.21228889086149
0.008858625572833725,-1.3995324669211504,-1.0679015523097344,0.8571207806729025,-0.5173753932340899,-0.30779350562554625,-1.2967520456632555,0.0,0.0,1.0,0.0,0.0,1.0,0.0,21.439351766877284
-1.4793174635944704,-0.22056968525186374,0.20601875728833774,-0.865051113579294,0.4790512900315648,-0.30779350562554625,-0.9322486292365704,1.0,0.0,0.0,0.0,0.0,1.0,0.0,29.371950829934622
1.3072163360198183,0.2510154274158509,0.21260456881160789,-1.003978377290918,-1.0155887348669173,-0.30779350562554625,1.023757249751052,0.0,0.0,1.0,0.0,0.0,0.0,1.0,54.59807315308768
-0.8718986516894484,-0.4563622415857211,-0.9548124893548233,0.1304051591391569,0.9772646316643921,-0.30779350562554625,-1.7187750600203417,1.0,0.0,0.0,1.0,0.0,0.0,0.0,17.932966637160305
-1.5096884041897216,0.2510154274158509,-0.02490062394643469,0.42117438160153664,-0.019162051601262522,-0.30779350562554625,0.33964231840967246,0.0,1.0,0.0,0.0,1.0,0.0,0.0,34.63613749773884
-0.21892342889154956,0.015222871081993588,-1.337615146437731,-1.7208072389871312,1.4754779732972196,-0.30779350562554625,-1.6792406940865348,0.0,0.0,1.0,0.0,0.0,1.0,0.0,20.854052816946503
0.9883214597696819,1.6657707654189948,-0.5045177257486159,-0.26229788263171255,-1.0155887348669173,-0.30779350562554625,1.1547626059164686,1.0,0.0,0.0,0.0,0.0,1.0,0.0,55.890327947261575
-0.21133069374273677,0.015222871081993588,0.9414199945121516,1.4559019146958032,1.4754779732972196,-0.30779350562554625,-1.1021349469674322,0.0,0.0,1.0,0.0,0.0,0.0,1.0,34.4584765195143
-0.7428221541596312,-0.4563622415857211,-1.3290582729839504,-1.6606975903365402,-0.5173753932340899,-0.30779350562554625,0.8723641052428619,1.0,0.0,0.0,0.0,0.0,0.0,1.0,36.07514419765052
0.06960050676333593,1.6657707654189948,-0.3122550552142096,0.08124006306948196,0.4790512900315648,-0.30779350562554625,1.0404013431833485,0.0,0.0,1.0,0.0,0.0,1.0,0.0,48.01682078187979
0.813688551346988,0.7226005400835656,0.8899235799799932,0.3314861759673131,-1.5138020764997446,-0.30779350562554625,0.2788070899728021,0.0,0.0,1.0,0.0,0.0,0.0,1.0,45.6593833594455
-0.71245121356438,1.4299782090851376,-0.9890551230981114,-0.11080896972508195,0.4790512900315648,-0.30779350562554625,0.5160423173574279,0.0,0.0,1.0,0.0,0.0,1.0,0.0,39.87593993371215
-0.917455062582325,-1.163739910587293,-1.0978087114387325,-1.4934207251560463,0.4790512900315648,-0.30779350562554625,-1.4880542609555536,0.0,0.0,1.0,1.0,0.0,0.0,0.0,10.819047907328834
-1.2970918200229637,1.4299782090851376,0.017579237804523088,0.5324388434331718,0.9772646316643921,-0.30779350562554625,-1.31577805033203,0.0,1.0,0.0,0.0,0.0,1.0,0.0,28.962394104348828
-1.2819063497253382,1.1941856527512802,-1.3685944460776103,0.6533101515252546,0.9772646316643921,-0.30779350562554625,0.08879914248776537,0.0,0.0,1.0,0.0,1.0,0.0,0.0,35.17782492561507
-0.6517093323738778,1.1941856527512802,0.3353794688295699,-0.4706667457000214,-1.0155887348669173,-0.30779350562554625,-1.3260211337637213,0.0,0.0,1.0,0.0,0.0,1.0,0.0,26.145963479108737
-0.7731930947548822,-1.6353250232550078,0.47973152958360454,-1.3849977851039899,-0.5173753932340899,-0.30779350562554625,1.1105150711609733,1.0,0.0,0.0,0.0,0.0,0.0,1.0,36.06435439834711
0.32016076667415755,0.2510154274158509,-1.413673280624745,1.2156765073052649,-0.019162051601262522,-0.30779350562554625,-0.052183156479962634,0.0,0.0,1.0,0.0,0.0,0.0,1.0,45.21106349139713
0.41127358845991085,-0.4563622415857211,-0.8552365235177154,1.1197476451852866,-1.0155887348669173,-0.30779350562554625,1.668001428489336,0.0,0.0,1.0,0.0,0.0,1.0,0.0,52.75777211937997
0.44923726420397475,1.6657707654189948,-1.108037588161789,-1.1068500284409561,0.9772646316643921,-0.30779350562554625,-1.4288113298645846,0.0,1.0,0.0,0.0,0.0,1.0,0.0,31.405077859126667
1.1629543681923757,-1.163739910587293,-1.2388870195447428,1.2074375617671256,-1.5138020764997446,-0.30779350562554625,1.6148231916016624,1.0,0.0,0.0,0.0,0.0,1.0,0.0,66.9904248323443
0.28219709093009365,-1.3995324669211504,0.7139635288232318,1.63637498538049,0.9772646316643921,-0.30779350562554625,-0.9107902322312448,0.0,0.0,1.0,0.0,0.0,1.0,0.0,33.07424467195734
1.1705471033411885,0.015222871081993588,3.144739612853293,-1.5842649515464933,0.4790512900315648,-0.30779350562554625,0.6248736578770246,0.0,0.0,1.0,0.0,0.0,1.0,0.0,67.151136112296
-0.48466915909999675,-0.22056968525186374,-1.0193959920603117,-0.945655535307926,1.4754779732972196,-0.30779350562554625,-0.7437018990896033,1.0,0.0,0.0,1.0,0.0,0.0,0.0,29.201816950062387
3.0317163066939203,-1.6353250232550078,-0.273636260389619,-1.6347921009423374,-0.5173753932340899,-0.30779350562554625,1.4959974227316157,0.0,1.0,0.0,0.0,0.0,1.0,0.0,274.32878295005906
1.3983291578055719,1.6657707654189948,-0.7952157825858913,0.11967716844616524,-1.5138020764997446,-0.30779350562554625,-0.9064676419866056,0.0,0.0,1.0,0.0,0.0,1.0,0.0,47.98713556618173
-0.38596360216543063,-1.3995324669211504,-0.29777025651788314,-1.5319039836287043,-0.5173753932340899,-0.30779350562554625,0.8542553064285641,0.0,0.0,1.0,0.0,1.0,0.0,0.0,40.79206756606639
-1.0237533546657038,-0.4563622415857211,1.402181197241735,0.9451049068774747,0.9772646316643921,-0.30779350562554625,-1.0308382361969488,0.0,1.0,0.0,0.0,0.0,1.0,0.0,26.38852991430539
0.3277535018229703,1.6657707654189948,0.29305133092278446,-0.6638067643136212,-1.0155887348669173,-0.30779350562554625,1.6724072080871344,0.0,0.0,1.0,0.0,1.0,0.0,0.0,58.700088038759375
0.8060958161981753,1.4299782090851376,3.144739612853293,-0.9306975453079896,-1.0155887348669173,-0.30779350562554625,-0.22163480305081154,0.0,0.0,1.0,0.0,0.0,1.0,0.0,33.13949371526604
0.7681321404541114,0.9583930964174229,-0.43723109066563215,0.8647790279498292,0.9772646316643921,3.248931448269655,0.5841875674363477,0.0,0.0,1.0,0.0,0.0,1.0,0.0,72.05240748747588
3.0317163066939203,-1.6353250232550078,-1.0179908391772916,-0.7341070103193642,-1.0155887348669173,-0.30779350562554625,-1.638136374384025,0.0,0.0,1.0,0.0,1.0,0.0,0.0,69.86224757103845
-0.006326844724791827,1.4299782090851376,-0.9066956134690863,-1.3666421809296432,-1.5138020764997446,-0.30779350562554625,-1.240115334602043,1.0,0.0,0.0,0.0,0.0,1.0,0.0,29.955870306642534
-0.644116597225065,-1.3995324669211504,1.0229754304240022,0.9302845717586948,0.4790512900315648,-0.30779350562554625,0.6473525442570853,0.0,1.0,0.0,0.0,0.0,1.0,0.0,40.820062355471045
1.1933253087876268,-0.6921547979195785,0.0637026448133919,0.7595019303837622,-0.5173753932340899,-0.30779350562554625,-0.5793063090111066,0.0,1.0,0.0,0.0,1.0,0.0,0.0,40.68538814478501
1.3831436875079461,0.7226005400835656,1.240178806059766,1.1776929783251295,-0.019162051601262522,-0.30779350562554625,0.039091249821852636,1.0,0.0,0.0,0.0,0.0,1.0,0.0,56.47127034064352
-0.7580076244572567,0.2510154274158509,-0.9128548129984071,1.064619782008268,-1.5138020764997446,3.248931448269655,0.8134100979677814,0.0,1.0,0.0,1.0,0.0,0.0,0.0,49.325797035214485
1.28443813057338,-1.6353250232550078,-0.33315191425011026,0.36466489711266614,0.9772646316643921,-0.30779350562554625,-1.535771882643256,0.0,1.0,0.0,0.0,0.0,1.0,0.0,41.25908194110553
0.9199868434303669,-1.163739910587293,-0.5057022753700626,1.3678268938203553,-1.0155887348669173,-0.30779350562554625,-0.25339212487235313,0.0,1.0,0.0,0.0,1.0,0.0,0.0,41.17630009025122
0.5175718805432897,-1.163739910587293,-0.13313812116195603,-0.9834824758881091,-1.0155887348669173,-0.30779350562554625,0.7636650657346361,0.0,0.0,1.0,0.0,0.0,1.0,0.0,53.715560879337154
-0.6820802729691289,1.1941856527512802,-0.11654693558349055,-1.575816144066236,-1.0155887348669173,-0.30779350562554625,-0.5648827405209208,1.0,0.0,0.0,0.0,0.0,1.0,0.0,31.77886726915395
0.3125680315253448,0.48680798374970824,0.322047321748694,1.184225111794305,-1.0155887348669173,-0.30779350562554625,-0.1406154707828843,0.0,1.0,0.0,0.0,0.0,1.0,0.0,42.54529404897111
-1.3426482309158405,0.7226005400835656,0.10334061239891605,0.12502971932700152,0.4790512900315648,-0.30779350562554625,-1.3301494131631855,0.0,0.0,1.0,0.0,0.0,1.0,0.0,20.16181296092941
-0.6820802729691289,-0.4563622415857211,-0.3211094152057553,1.1904329471492185,-0.5173753932340899,-0.30779350562554625,-1.4151337737458847,0.0,0.0,1.0,0.0,1.0,0.0,0.0,14.928976606137452
0.9883214597696819,1.6657707654189948,0.8921138967723156,1.0519808346352715,1.4754779732972196,-0.30779350562554625,1.489838244267794,0.0,0.0,1.0,0.0,1.0,0.0,0.0,55.65201446440136
-1.2667208794277127,0.9583930964174229,0.6665047988603016,0.48309366630770467,-1.0155887348669173,-0.30779350562554625,1.0978014574807922,1.0,0.0,0.0,0.0,0.0,1.0,0.0,53.008322732556536
1.1781398384900013,0.015222871081993588,0.330354739354923,0.15654659474987578,0.4790512900315648,-0.30779350562554625,-0.571317639144302,1.0,0.0,0.0,0.0,1.0,0.0,0.0,39.2634479174479
-1.190793527939585,-1.163739910587293,-0.012888476497516921,1.242314376686675,-0.5173753932340899,-0.30779350562554625,-0.22951899214183571,0.0,0.0,1.0,0.0,0.0,0.0,1.0,34.50138153432251
0.5631282914361664,-0.9279473542534358,-0.7839343344385882,0.8908462532547436,-1.5138020764997446,-0.30779350562554625,1.6431672693940473,0.0,1.0,0.0,1.0,0.0,0.0,0.0,43.53105079417955
0.3960881181622853,-0.4563622415857211,-1.244273388920289,1.0912449935105495,1.4754779732972196,3.248931448269655,-0.403341997779815,0.0,0.0,1.0,0.0,1.0,0.0,0.0,46.74125686496456
-1.5704302853802237,-1.6353250232550078,0.5817616593226046,-0.21518863284962858,1.4754779732972196,-0.30779350562554625,-0.11893638864094078,0.0,0.0,1.0,0.0,0.0,1.0,0.0,21.392611155856557
1.3072163360198183,-1.163739910587293,-1.0443473354424906,0.4149104409116486,-0.5173753932340899,-0.30779350562554625,0.9936391813283066,0.0,0.0,1.0,0.0,1.0,0.0,0.0,53.80048111706691
0.8668376973886774,0.48680798374970824,0.6154035525526176,-1.210406903333607,-0.019162051601262522,-0.30779350562554625,-1.3545759335667298,0.0,0.0,1.0,0.0,1.0,0.0,0.0,36.805521974958125
-0.38596360216543063,-1.3995324669211504,0.8824395870145664,-0.08941556109091374,-1.0155887348669173,-0.30779350562554625,0.7354680811141812,1.0,0.0,0.0,0.0,0.0,0.0,1.0,44.81123862378257
-0.37077813186780506,-0.6921547979195785,-0.9901574995398581,0.6764841053386935,0.4790512900315648,-0.30779350562554625,0.9834342004670081,0.0,0.0,1.0,0.0,0.0,1.0,0.0,39.66096850558484
-0.8567131813918227,-1.6353250232550078,-1.3114609650457267,1.0808875553852286,1.4754779732972196,-0.30779350562554625,0.38132039349477864,0.0,0.0,1.0,1.0,0.0,0.0,0.0,33.61210489811654
-1.3274627606182148,1.1941856527512802,-0.0025526296232248656,0.8332538752504797,-0.5173753932340899,-0.30779350562554625,1.1865665982068538,1.0,0.0,0.0,1.0,0.0,0.0,0.0,45.63730436819447
3.0317163066939203,0.9583930964174229,1.0119290760953414,-0.5667165596653726,-0.5173753932340899,-0.30779350562554625,0.3605470541533397,0.0,1.0,0.0,0.0,0.0,1.0,0.0,256.3255236378758
0.7681321404541114,-0.6921547979195785,0.8139250741834032,-0.9986004737638645,-0.019162051601262522,-0.30779350562554625,1.5880816588966307,1.0,0.0,0.0,0.0,0.0,1.0,0.0,59.60539459385943
-1.3426482309158405,-1.6353250232550078,-0.6574196435765874,0.18599456218123828,-0.019162051601262522,-0.30779350562554625,0.6320658823431724,0.0,1.0,0.0,0.0,1.0,0.0,0.0,29.439951281926007
-1.4413537878504066,0.48680798374970824,1.5099883062941728,-0.5222813457140598,-0.5173753932340899,3.248931448269655,-1.3268671679712447,0.0,0.0,1.0,1.0,0.0,0.0,0.0,32.53548134270126
3.0317163066939203,0.48680798374970824,0.27045170468930707,-1.6164813862279945,1.4754779732972196,-0.30779350562554625,-0.07026998408385626,0.0,0.0,1.0,0.0,0.0,1.0,0.0,251.5389324680473
0.9731359894720563,1.1941856527512802,-0.16639081408904685,-0.9956717292404235,0.4790512900315648,-0.30779350562554625,-0.6073089934128656,0.0,0.0,1.0,1.0,0.0,0.0,0.0,39.7642639312095
-1.1680153224931467,-1.163739910587293,-1.223485978377116,0.9913276570076383,1.4754779732972196,-0.30779350562554625,-1.2784414867992453,0.0,0.0,1.0,0.0,0.0,0.0,1.0,28.268873399801983
0.3960881181622853,-0.6921547979195785,0.9742884745112638,-0.5242963443355675,0.4790512900315648,-0.30779350562554625,-0.7871211938332555,0.0,1.0,0.0,1.0,0.0,0.0,0.0,34.40843663602788
0.6694265835195452,0.015222871081993588,-0.3410410661524282,-0.003857270421262954,-1.5138020764997446,-0.30779350562554625,1.1201688636713651,1.0,0.0,0.0,0.0,0.0,0.0,1.0,44.24663631666861
0.7833176107517369,1.1941856527512802,1.1135046991897273,-0.5185093282013683,0.9772646316643921,-0.30779350562554625,-0.7936724360757093,0.0,0.0,1.0,0.0,0.0,1.0,0.0,37.23267617728585
-0.7656003596060694,0.2510154274158509,1.4358598875597288,0.3776527387898315,-1.5138020764997446,3.248931448269655,1.4970429474822713,1.0,0.0,0.0,0.0,0.0,0.0,1.0,60.76397451235442
-1.016160619516891,0.48680798374970824,-0.3435553580985769,0.6792068411648748,-1.0155887348669173,-0.30779350562554625,-0.5338938924505999,0.0,0.0,1.0,0.0,0.0,0.0,1.0,32.01379114514473
0.441644529055162,-0.4563622415857211,-0.10168204442523782,1.5771461448440542,0.9772646316643921,-0.30779350562554625,0.5636033272954616,0.0,0.0,1.0,1.0,0.0,0.0,0.0,53.95318054042495
-1.631172166570726,0.48680798374970824,0.7715522698574313,0.12205562589346022,-1.0155887348669173,-0.30779350562554625,0.3340900603940101,1.0,0.0,0.0,1.0,0.0,0.0,0.0,38.50093835466662
-0.4163345427606817,1.1941856527512802,-0.4794360369167745,1.4967448112464006,-1.5138020764997446,-0.30779350562554625,-0.9361983336069334,0.0,1.0,0.0,0.0,0.0,0.0,1.0,30.575653714870235
1.117397957299499,-0.4563622415857211,0.11450752489849304,1.2406026541472857,-0.5173753932340899,-0.30779350562554625,1.241271840721029,0.0,0.0,1.0,0.0,0.0,0.0,1.0,62.40306270886595
1.1629543681923757,0.015222871081993588,-0.6996920019153787,1.0812283814195054,0.4790512900315648,-0.30779350562554625,0.4245206931188474,0.0,0.0,1.0,0.0,1.0,0.0,0.0,55.87701836695389
-1.3274627606182148,0.48680798374970824,0.49454157183355985,1.3661562761205033,1.4754779732972196,-0.30779350562554625,1.578499981748939,0.0,0.0,1.0,0.0,0.0,1.0,0.0,59.1004523269721
0.4188663236087236,-0.6921547979195785,1.100063901086009,-0.40371013297254277,0.9772646316643921,-0.30779350562554625,1.0144475340935932,0.0,0.0,1.0,0.0,1.0,0.0,0.0,53.440622009713785
0.06960050676333593,0.7226005400835656,-0.13690189467696004,-1.165216963081757,1.4754779732972196,-0.30779350562554625,0.11783494235960769,0.0,0.0,1.0,0.0,0.0,1.0,0.0,50.54387461927454
0.0164513607216465,-1.3995324669211504,1.416269949821985,-1.3886480908552776,-1.0155887348669173,-0.30779350562554625,0.7155376937093261,0.0,0.0,1.0,0.0,1.0,0.0,0.0,46.1404537057177
0.6846120538171708,-0.22056968525186374,-0.043863251528429355,1.1336049557016565,1.4754779732972196,-0.30779350562554625,-1.583131878056439,0.0,0.0,1.0,0.0,0.0,1.0,0.0,40.36216505308717
0.236640680037217,-0.22056968525186374,-0.3863915819987367,-0.4169094029155735,-1.0155887348669173,3.248931448269655,0.9316483056029069,0.0,0.0,1.0,0.0,0.0,0.0,1.0,62.04979168334652
-1.4945029338920959,-0.6921547979195785,0.8009807861321387,0.7154598730818942,-0.5173753932340899,3.248931448269655,0.24757652330485375,0.0,0.0,1.0,1.0,0.0,0.0,0.0,37.28427428157324
0.745353935007673,-1.3995324669211504,-0.9455027246803472,1.3421395667863447,-0.019162051601262522,-0.30779350562554625,0.8675837178474687,0.0,0.0,1.0,1.0,0.0,0.0,0.0,51.13027259648881
-0.5454110402904989,-0.22056968525186374,0.8059555439686557,0.5658982346825747,-0.5173753932340899,-0.30779350562554625,-0.5727148765510774,0.0,0.0,1.0,0.0,0.0,1.0,0.0,29.63256008394076
1.1325834275971245,0.2510154274158509,1.2983729609878047,-0.27549753951320805,1.4754779732972196,-0.30779350562554625,-0.5105927939783784,0.0,1.0,0.0,0.0,0.0,1.0,0.0,39.74884586230344
-1.2743136145765255,1.4299782090851376,-1.1146234833500073,-1.6742283895301568,1.4754779732972196,3.248931448269655,-1.1286960718580406,0.0,0.0,1.0,0.0,1.0,0.0,0.0,38.05111009222554
-0.6820802729691289,-0.22056968525186374,0.15707084948512698,-0.2754765390668027,0.4790512900315648,-0.30779350562554625,1.526763186473844,0.0,0.0,1.0,0.0,0.0,1.0,0.0,44.27071902428671
-1.1983862630883977,0.015222871081993588,0.05845549005233546,1.213752281847546,-0.019162051601262522,-0.30779350562554625,0.4691112022110393,0.0,0.0,1.0,0.0,0.0,1.0,0.0,43.102347038498095
-1.3730191715110915,-0.9279473542534358,0.6201534606906245,0.09657949391567357,1.4754779732972196,-0.30779350562554625,-1.2038052929766232,0.0,0.0,1.0,0.0,0.0,1.0,0.0,18.394552571651975
0.3353462369717831,0.2510154274158509,-1.3598413772039344,1.0458791462454253,0.9772646316643921,-0.30779350562554625,-0.5809123541771485,0.0,0.0,1.0,0.0,0.0,1.0,0.0,32.07990281496097
0.3657171775670342,0.48680798374970824,0.31759016412382945,-0.14138642410202024,-1.0155887348669173,-0.30779350562554625,1.0412014227108815,0.0,0.0,1.0,0.0,0.0,0.0,1.0,47.25970471935827
-1.2515354091300872,0.48680798374970824,-3.135968037190211,1.46460140211864,0.9772646316643921,3.248931448269655,-0.3124617591347758,0.0,0.0,1.0,0.0,0.0,0.0,1.0,47.43900059387273
-0.006326844724791827,1.6657707654189948,-0.44113019185967883,-0.742753798616986,-0.019162051601262522,-0.30779350562554625,0.8240790632491508,0.0,1.0,0.0,1.0,0.0,0.0,0.0,47.78017238355224
0.7149829944124219,0.48680798374970824,1.1497545911431528,0.5849785649799034,-0.019162051601262522,-0.30779350562554625,-0.8688088074015674,0.0,1.0,0.0,0.0,1.0,0.0,0.0,43.59308945899236
-0.07466146106410682,-0.22056968525186374,1.2721998792640643,-1.5712459900714526,1.4754779732972196,-0.30779350562554625,0.1875857702715454,1.0,0.0,0.0,0.0,0.0,1.0,0.0,38.21478430206521
-0.15818154770104734,-0.6921547979195785,-1.4250083683392842,-0.22885512020592902,-0.5173753932340899,-0.30779350562554625,-0.2770251057568741,1.0,0.0,0.0,0.0,0.0,1.0,0.0,28.10933876263433
0.236640680037217,-1.6353250232550078,-1.0081050274946786,-0.8236237512293433,-0.019162051601262522,-0.30779350562554625,-0.2634776306169152,1.0,0.0,0.0,0.0,1.0,0.0,0.0,38.68007153542472
0.09997144735858704,0.015222871081993588,0.41287692817703386,-0.4319725159650724,-0.019162051601262522,-0.30779350562554625,-1.3991190317064874,0.0,1.0,0.0,0.0,0.0,0.0,1.0,21.50917831107774
-1.0920879710050189,0.2510154274158509,1.236291904920778,1.0111730246766637,-0.5173753932340899,-0.30779350562554625,0.6140309512991637,0.0,0.0,1.0,1.0,0.0,0.0,0.0,33.040577710116835
-0.8870841219870739,-0.4563622415857211,1.1211661632463765,-1.7087050977144886,0.9772646316643921,-0.30779350562554625,1.1941328014810886,0.0,0.0,1.0,0.0,0.0,1.0,0.0,43.3618484483874
-0.35559266157017955,-1.163739910587293,0.4871726257585312,1.5663805341322636,1.4754779732972196,-0.30779350562554625,-0.6188693636870437,1.0,0.0,0.0,0.0,0.0,1.0,0.0,41.54422259935272
0.9731359894720563,1.1941856527512802,-0.13935899568146043,-0.9956717292404235,0.4790512900315648,-0.30779350562554625,-0.6073089934128656,0.0,0.0,1.0,1.0,0.0,0.0,0.0,39.7642639312095
-1.2287572036836487,0.7226005400835656,-1.130717813339507,-0.6878241025504834,-0.019162051601262522,-0.30779350562554625,-0.6942483276430058,0.0,1.0,0.0,0.0,0.0,1.0,0.0,27.04674865610133
-0.8870841219870739,-1.6353250232550078,-0.07685288832305441,0.6446242687610775,0.4790512900315648,-0.30779350562554625,0.9461370377070346,0.0,1.0,0.0,0.0,0.0,1.0,0.0,37.895126410712464
-0.37077813186780506,0.015222871081993588,0.21209966361615892,-1.2245064442690845,0.9772646316643921,-0.30779350562554625,1.174477474746791,0.0,0.0,1.0,0.0,0.0,1.0,0.0,49.84778399141293
-0.8263422407965717,0.015222871081993588,1.4477162370696877,-1.6277123757142595,0.4790512900315648,-0.30779350562554625,-1.0174136791103638,0.0,0.0,1.0,0.0,0.0,1.0,0.0,33.17869329213691
-0.9857896789216399,0.9583930964174229,0.5632163182254845,-1.5506053717027501,0.9772646316643921,-0.30779350562554625,-1.2261499909546232,0.0,0.0,1.0,0.0,0.0,0.0,1.0,23.26068621846609
-0.3024435155284901,1.4299782090851376,0.4675847910949537,-0.49711447773034184,0.9772646316643921,-0.30779350562554625,-1.2664784117664505,1.0,0.0,0.0,0.0,0.0,1.0,0.0,27.32213577356579
-0.4618909536535584,0.2510154274158509,0.9370889829827111,-1.556414190163222,-1.5138020764997446,-0.30779350562554625,1.181622160229727,1.0,0.0,0.0,0.0,0.0,1.0,0.0,45.34485117834335
1.3299945414662568,0.48680798374970824,-1.065916054341216,1.1504695804274563,-0.5173753932340899,-0.30779350562554625,-0.9079985948448669,0.0,0.0,1.0,0.0,0.0,1.0,0.0,40.93511002748501
-0.18855248829629845,-0.22056968525186374,-0.5792122848512873,1.02132263107416,-1.0155887348669173,-0.30779350562554625,0.9875019882950872,0.0,0.0,1.0,0.0,0.0,1.0,0.0,42.26575192171533
0.9731359894720563,0.9583930964174229,-0.2769960778591357,0.9520765327439711,-1.5138020764997446,-0.30779350562554625,-0.33127189107043004,1.0,0.0,0.0,0.0,0.0,0.0,1.0,52.17211773229588
0.10756418250739981,-0.4563622415857211,0.983573051915628,1.0125098474742764,0.9772646316643921,-0.30779350562554625,-0.6047081822974549,0.0,0.0,1.0,1.0,0.0,0.0,0.0,43.91055238295943
1.2920308657221928,-0.9279473542534358,-0.6986718032443453,-0.10302115817590131,-1.0155887348669173,-0.30779350562554625,-1.2579720758719954,1.0,0.0,0.0,0.0,1.0,0.0,0.0,35.68984150664048
-0.02151231502241738,0.2510154274158509,1.2791670913074646,-0.9797185440939544,-0.5173753932340899,-0.30779350562554625,-0.6084375986794306,0.0,0.0,1.0,0.0,0.0,1.0,0.0,27.260593228954438
-1.046531560112142,-1.6353250232550078,1.4649012842269113,1.6277134884826612,-0.019162051601262522,3.248931448269655,-1.6875105373098656,0.0,0.0,1.0,0.0,1.0,0.0,0.0,21.56554549366156
0.9048013731327413,-0.4563622415857211,-0.2515786247909691,-1.083039447115659,-1.0155887348669173,-0.30779350562554625,-1.6376207828104152,0.0,0.0,1.0,0.0,0.0,1.0,0.0,41.23289697247544
-0.1809597531474857,-1.6353250232550078,0.9007138784278012,0.9773489820742186,0.4790512900315648,-0.30779350562554625,1.0590772949206042,0.0,1.0,0.0,0.0,0.0,1.0,0.0,48.43122661388152
1.3148090711686313,1.4299782090851376,-0.7555201921695103,0.32930560427345495,-0.5173753932340899,-0.30779350562554625,1.2116478833433921,0.0,1.0,0.0,0.0,0.0,0.0,1.0,62.424468036902056
-0.6289311269274395,-1.6353250232550078,1.0834985021459238,0.027888420184067616,-1.5138020764997446,-0.30779350562554625,1.1295735917297176,1.0,0.0,0.0,0.0,1.0,0.0,0.0,40.68199037157513
-0.644116597225065,-0.6921547979195785,0.5514059448035876,1.1033198854876873,-0.5173753932340899,3.248931448269655,0.23525137689373524,0.0,1.0,0.0,0.0,0.0,1.0,0.0,39.15972278810143
3.0317163066939203,0.2510154274158509,1.230876546916862,1.0182385254580737,-1.5138020764997446,-0.30779350562554625,0.7357126058190562,0.0,0.0,1.0,0.0,0.0,1.0,0.0,249.173877572672
-0.5833747160345628,1.4299782090851376,0.8126512550587658,-0.932291000926494,0.4790512900315648,-0.30779350562554625,-1.2494520188486011,1.0,0.0,0.0,0.0,0.0,0.0,1.0,33.7421835291834
-1.3730191715110915,0.48680798374970824,-0.24910537985281722,0.07527611199300918,-1.5138020764997446,-0.30779350562554625,-0.6445190984747916,0.0,0.0,1.0,0.0,0.0,1.0,0.0,33.67513914039034
0.9275795785791796,1.6657707654189948,-0.4364177239416801,-1.428281452291764,0.9772646316643921,-0.30779350562554625,-0.5592843573827614,0.0,1.0,0.0,0.0,0.0,1.0,0.0,50.81830563846673
1.2085107790852523,-0.4563622415857211,0.03918584752823445,1.3110335942817857,-1.5138020764997446,-0.30779350562554625,-0.6108141030823752,1.0,0.0,0.0,0.0,0.0,1.0,0.0,45.318940562583386
-1.5476520799337854,0.015222871081993588,0.469963568087337,0.7581501277319662,0.4790512900315648,-0.30779350562554625,-0.6664204038650988,0.0,0.0,1.0,0.0,0.0,0.0,1.0,17.1589022243211
0.0164513607216465,0.9583930964174229,0.22698056016317292,-0.5713935597656381,0.4790512900315648,-0.30779350562554625,1.5190392987627577,1.0,0.0,0.0,1.0,0.0,0.0,0.0,55.91331449992199
0.304975296376532,-0.6921547979195785,1.2969999975722089,-1.3732321471638609,0.4790512900315648,-0.30779350562554625,-1.6732675474231207,0.0,0.0,1.0,0.0,0.0,1.0,0.0,30.086131980382746
1.056656076108997,0.9583930964174229,-1.1613256492435327,0.13005313282328532,-0.019162051601262522,-0.30779350562554625,-1.6603997682120766,1.0,0.0,0.0,0.0,0.0,1.0,0.0,28.61084982841934
1.1477688978947502,-0.9279473542534358,1.0095762632980423,1.57292197940963,-0.5173753932340899,-0.30779350562554625,0.7830224719746722,1.0,0.0,0.0,0.0,0.0,0.0,1.0,57.51177973854366
0.28219709093009365,0.7226005400835656,1.483965801344975,-0.5964371466130928,-1.0155887348669173,-0.30779350562554625,-0.9512327035978058,0.0,1.0,0.0,0.0,0.0,1.0,0.0,37.260332562313856
-0.644116597225065,1.1941856527512802,1.0069224163222537,-1.6667982105860097,1.4754779732972196,-0.30779350562554625,0.20962386727730706,0.0,0.0,1.0,0.0,0.0,0.0,1.0,36.81092527098032
-0.3328144561237412,1.1941856527512802,-0.4983843831595106,-0.20763907485052233,-0.019162051601262522,-0.30779350562554625,0.1356316983041227,0.0,1.0,0.0,0.0,0.0,1.0,0.0,42.16060754573266
-1.2743136145765255,-0.6921547979195785,0.1410537690817608,-0.13230201658030405,0.9772646316643921,-0.30779350562554625,-0.4481628338696222,0.0,0.0,1.0,1.0,0.0,0.0,0.0,27.76383141098036
1.322401806317444,-0.9279473542534358,-0.5024593589568507,0.7531264773646223,0.9772646316643921,-0.30779350562554625,0.7339451082801106,0.0,1.0,0.0,0.0,0.0,1.0,0.0,60.20071926103519
0.509979145394477,-0.4563622415857211,-0.5684892582465513,-1.5771435113913783,-0.5173753932340899,-0.30779350562554625,0.039179795883527206,0.0,0.0,1.0,0.0,0.0,0.0,1.0,40.79609504108701
1.0946197518530607,0.9583930964174229,-3.135968037190211,0.2325960714722015,1.4754779732972196,-0.30779350562554625,0.23192621081905168,1.0,0.0,0.0,0.0,0.0,1.0,0.0,60.69037440873305
3.0317163066939203,0.48680798374970824,-0.37478725185938283,-0.2384999915281983,-1.5138020764997446,-0.30779350562554625,-0.91248782392153,0.0,0.0,1.0,0.0,0.0,0.0,1.0,167.72347276078136
0.9579505191744307,-1.6353250232550078,-0.38180478015841846,0.588351532706745,0.4790512900315648,-0.30779350562554625,1.1398626522366586,0.0,0.0,1.0,0.0,0.0,1.0,0.0,62.71189112279262
0.48720093994803865,-0.6921547979195785,0.923223010117432,-1.7072681396363791,-1.0155887348669173,-0.30779350562554625,0.6010442856905892,0.0,0.0,1.0,0.0,0.0,1.0,0.0,47.22914499358653
0.6997975241147963,1.1941856527512802,0.2793115505343152,-0.21898850174070753,-0.5173753932340899,-0.30779350562554625,-0.9952324682914527,0.0,0.0,1.0,1.0,0.0,0.0,0.0,41.69676829953645
-0.613745656629814,-0.6921547979195785,0.9987019931182606,-1.6356255105675865,-1.0155887348669173,-0.30779350562554625,-0.7338137608811879,1.0,0.0,0.0,1.0,0.0,0.0,0.0,35.34209405578293
-0.21133069374273677,-0.6921547979195785,-0.7894114666743207,0.6315071643696094,0.4790512900315648,-0.30779350562554625,-1.3513046080705104,0.0,0.0,1.0,0.0,0.0,1.0,0.0,22.327731635497035
-0.4922618942488095,0.48680798374970824,-1.0858212269044456,-1.5765453601925319,-1.5138020764997446,-0.30779350562554625,1.0220019630033672,1.0,0.0,0.0,1.0,0.0,0.0,0.0,51.609715000425886
0.950357784025618,0.015222871081993588,1.4835566561187903,-0.24889921403854967,-1.0155887348669173,-0.30779350562554625,-0.33537957715394034,1.0,0.0,0.0,0.0,0.0,1.0,0.0,43.30844444240998
3.0317163066939203,-1.163739910587293,-0.6151868413805924,-0.5714810501947445,-0.5173753932340899,-0.30779350562554625,-0.6012605484183697,0.0,0.0,1.0,0.0,0.0,0.0,1.0,172.1555822855819
-0.12781060710579625,0.9583930964174229,1.4638172801653138,-0.11747268425881932,-1.0155887348669173,-0.30779350562554625,0.44295975499719425,1.0,0.0,0.0,0.0,0.0,1.0,0.0,47.98337417049553
-1.3426482309158405,1.1941856527512802,1.0770805599515307,0.40571284641317173,0.9772646316643921,-0.30779350562554625,-0.4746710352641309,0.0,0.0,1.0,0.0,0.0,0.0,1.0,29.53986030174638
0.03163683101927205,0.015222871081993588,-1.1923067152379732,-0.26663923708940035,-1.0155887348669173,-0.30779350562554625,0.21273161576902855,0.0,0.0,1.0,0.0,0.0,1.0,0.0,35.34865767771876
1.2920308657221928,0.7226005400835656,-0.5755607017192514,0.890716847780803,0.9772646316643921,-0.30779350562554625,1.2622650900282133,0.0,0.0,1.0,0.0,0.0,0.0,1.0,67.2922693239414
-0.06706872591529403,1.1941856527512802,-1.0779040778378977,-0.425710072181958,-0.019162051601262522,-0.30779350562554625,-1.365239907954462,0.0,0.0,1.0,1.0,0.0,0.0,0.0,32.881829624355895
1.2009180439364395,-0.22056968525186374,0.3448480378840798,-0.9938998955266675,-0.019162051601262522,-0.30779350562554625,-1.6812279716758372,0.0,0.0,1.0,0.0,0.0,1.0,0.0,39.05450728470574
-0.8339349759453845,-0.4563622415857211,0.18504923133081505,0.03779011630462177,0.4790512900315648,-0.30779350562554625,-0.7430314569363363,0.0,0.0,1.0,0.0,0.0,1.0,0.0,22.876659936800657
-1.1832007927907722,1.4299782090851376,-0.7734696422566782,1.4673092676180801,-0.019162051601262522,-0.30779350562554625,-0.7859268551599162,0.0,0.0,1.0,1.0,0.0,0.0,0.0,24.15673617344304
3.0317163066939203,-1.6353250232550078,-1.2621078854571863,-0.17105882171397802,1.4754779732972196,-0.30779350562554625,-0.029754481818548183,1.0,0.0,0.0,0.0,1.0,0.0,0.0,140.09294353996813
-1.2363499388324615,0.2510154274158509,-1.0298887777974919,1.4883605315504371,-0.019162051601262522,-0.30779350562554625,-0.13004422490094222,0.0,0.0,1.0,0.0,1.0,0.0,0.0,27.79352745942764
0.6846120538171708,0.7226005400835656,-0.9175860337364831,1.4701086917611041,1.4754779732972196,-0.30779350562554625,0.7737696602847774,1.0,0.0,0.0,0.0,0.0,1.0,0.0,65.4262392102655
0.4644227345016003,1.6657707654189948,-3.135968037190211,-0.3406950631335568,-1.0155887348669173,-0.30779350562554625,0.7136644496255109,0.0,1.0,0.0,0.0,0.0,1.0,0.0,50.568698570351984
-1.4945029338920959,0.015222871081993588,-0.11248734142463064,0.5114473457668731,-1.0155887348669173,-0.30779350562554625,-0.1849080933343115,0.0,0.0,1.0,1.0,0.0,0.0,0.0,22.847056406590973
0.21386247459077867,0.015222871081993588,-0.31296304639906997,0.9981209817172054,0.4790512900315648,-0.30779350562554625,-0.9083331180663341,0.0,0.0,1.0,0.0,0.0,1.0,0.0,35.12250024596107
1.018692400364933,-0.22056968525186374,-0.4637978101634711,1.3543436558632795,0.4790512900315648,-0.30779350562554625,1.0310699975348883,0.0,1.0,0.0,0.0,0.0,0.0,1.0,55.04314173179031
-0.2948507803796773,0.9583930964174229,-0.66790927034147,0.616385417842898,-0.5173753932340899,-0.30779350562554625,-1.5922269672431126,0.0,1.0,0.0,0.0,0.0,1.0,0.0,25.75948013693901
0.07719324191214871,1.6657707654189948,-0.280552016913469,-0.7139938464389148,0.4790512900315648,-0.30779350562554625,-1.3571358037041867,0.0,0.0,1.0,0.0,1.0,0.0,0.0,28.308523250011675
0.25182615033484257,0.015222871081993588,0.8167677909871198,-0.19670447593844695,0.9772646316643921,-0.30779350562554625,-1.5502345894004748,0.0,0.0,1.0,0.0,0.0,1.0,0.0,29.42935627216665
-1.4489465229992193,-0.9279473542534358,1.4567407568575614,1.509603534581681,1.4754779732972196,-0.30779350562554625,1.31035318076843,0.0,0.0,1.0,1.0,0.0,0.0,0.0,43.864360943854784
-1.2515354091300872,-1.163739910587293,-1.0201372305556506,1.6564685613042338,-1.5138020764997446,-0.30779350562554625,1.462554775142312,1.0,0.0,0.0,1.0,0.0,0.0,0.0,39.12581412218569
-1.319870025469402,-1.6353250232550078,0.37620273508159974,0.07820521156120358,-1.5138020764997446,-0.30779350562554625,-0.4616806328133822,0.0,1.0,0.0,0.0,0.0,1.0,0.0,34.975518090579165
-1.2819063497253382,1.4299782090851376,1.040582673773828,-1.5195774111532174,-1.5138020764997446,-0.30779350562554625,-0.5211925072506042,0.0,0.0,1.0,0.0,1.0,0.0,0.0,32.817866473123466
3.0317163066939203,0.48680798374970824,0.8853251865467338,-1.2624877170525313,0.4790512900315648,3.248931448269655,-0.22173577358432514,0.0,0.0,1.0,0.0,0.0,1.0,0.0,238.8877555088601
-0.6289311269274395,0.48680798374970824,1.4725374369563826,0.9371902835484942,1.4754779732972196,-0.30779350562554625,1.7180053752001059,0.0,0.0,1.0,0.0,1.0,0.0,0.0,44.34609102083271
-0.8794913868382611,-0.22056968525186374,0.2643950320057888,1.3674885529672023,0.4790512900315648,-0.30779350562554625,-1.2602187858345826,0.0,0.0,1.0,0.0,0.0,1.0,0.0,29.0809113760752
0.06200777161452316,0.9583930964174229,-0.8145222399261854,-0.31474571009968777,1.4754779732972196,-0.30779350562554625,-1.0181161382501691,0.0,0.0,1.0,0.0,0.0,1.0,0.0,36.12346061057015
-0.8339349759453845,1.6657707654189948,0.7788260238157145,-1.5088399340286474,-1.5138020764997446,-0.30779350562554625,-0.5406241128474966,0.0,1.0,0.0,0.0,1.0,0.0,0.0,38.083695122693605
-0.21892342889154956,0.015222871081993588,-0.9266434863924808,1.416986869409826,0.9772646316643921,-0.30779350562554625,-1.6465585369612823,0.0,0.0,1.0,0.0,0.0,0.0,1.0,22.55562531294854
1.0110996652161202,0.9583930964174229,-1.4537084815543357,-0.24828345763269186,1.4754779732972196,-0.30779350562554625,0.21685796335717994,0.0,0.0,1.0,0.0,1.0,0.0,0.0,53.20337458100168
0.4644227345016003,0.7226005400835656,-0.4941474559189745,0.45608402216489735,-0.5173753932340899,-0.30779350562554625,0.6850939483652658,1.0,0.0,0.0,0.0,0.0,1.0,0.0,47.7336304485494
0.5327573508409152,0.48680798374970824,-0.20934459409857342,-0.19864093082418174,-0.5173753932340899,-0.30779350562554625,-1.288932318684718,0.0,0.0,1.0,0.0,0.0,1.0,0.0,28.111738434982996
0.9883214597696819,-0.6921547979195785,-0.022748987510892143,-1.2861053632372756,0.4790512900315648,-0.30779350562554625,-1.3217636992729829,1.0,0.0,0.0,0.0,0.0,1.0,0.0,32.13176182051132
-0.8870841219870739,0.7226005400835656,0.13507980432906203,1.637520448274537,-0.019162051601262522,-0.30779350562554625,-0.5753091380062801,0.0,0.0,1.0,0.0,1.0,0.0,0.0,36.06727131071205
-0.21133069374273677,0.2510154274158509,-1.2440786664216714,-1.153486002515696,0.4790512900315648,-0.30779350562554625,-1.3998714725517127,1.0,0.0,0.0,1.0,0.0,0.0,0.0,22.98692077983161
0.26701162063246814,0.7226005400835656,-0.5666578057911785,-1.3028301180214297,-0.019162051601262522,-0.30779350562554625,-0.09520590411515677,0.0,0.0,1.0,0.0,0.0,0.0,1.0,33.252813566176215
0.304975296376532,1.4299782090851376,0.7476859219820984,1.5759355001848696,-0.019162051601262522,-0.30779350562554625,-1.58039681992635,0.0,1.0,0.0,0.0,0.0,1.0,0.0,30.25087654111393
0.5631282914361664,-1.163739910587293,-1.102211567085212,-1.5864221903227331,-1.0155887348669173,-0.30779350562554625,-0.10085835500367872,0.0,0.0,1.0,0.0,0.0,1.0,0.0,48.93141133145401
-0.1809597531474857,-0.9279473542534358,-0.9281900739954488,0.8649384691932437,-1.5138020764997446,3.248931448269655,0.35441130713158314,0.0,0.0,1.0,0.0,1.0,0.0,0.0,53.90655832518387
1.2388817196805035,1.6657707654189948,-1.029389923392324,-0.12124162331129901,-0.5173753932340899,-0.30779350562554625,-1.3342059988779877,0.0,0.0,1.0,0.0,0.0,0.0,1.0,50.20888551953365
0.44923726420397475,1.6657707654189948,-0.8029049941453529,0.8262632269915664,-0.5173753932340899,-0.30779350562554625,-0.14406973151224342,0.0,0.0,1.0,1.0,0.0,0.0,0.0,50.80993790088797
-0.3935563373142434,1.6657707654189948,0.42756582134637605,1.4909114999532536,0.4790512900315648,-0.30779350562554625,1.3552799068229466,1.0,0.0,0.0,0.0,0.0,1.0,0.0,56.42865500191609
0.38849538301347253,-0.9279473542534358,-1.0691986801730673,-1.6228416168069866,-1.0155887348669173,-0.30779350562554625,0.47881858935485205,0.0,0.0,1.0,0.0,0.0,0.0,1.0,42.55481316392077
-0.2948507803796773,1.6657707654189948,0.8895796661333718,-1.6733835134713397,-1.0155887348669173,-0.30779350562554625,0.6645902544782829,0.0,1.0,0.0,0.0,0.0,1.0,0.0,43.85322208336641
-1.426168317552781,0.015222871081993588,-0.7897170592551008,-1.219669893345345,1.4754779732972196,-0.30779350562554625,0.7023001887474992,0.0,0.0,1.0,0.0,0.0,0.0,1.0,31.88777264161803
-0.7048584784155673,-0.4563622415857211,0.13885261508141547,1.1502828847449187,0.9772646316643921,-0.30779350562554625,0.6998792184484209,0.0,0.0,1.0,0.0,0.0,1.0,0.0,45.32956183205568
-1.1756080576419594,-1.3995324669211504,-0.27146122837056175,1.4531026721886378,-0.019162051601262522,-0.30779350562554625,-0.08801282261179727,0.0,0.0,1.0,1.0,0.0,0.0,0.0,30.967777194653983
0.1151569176562126,-1.3995324669211504,0.8933491661964079,-1.5755609250497091,0.9772646316643921,-0.30779350562554625,1.742419743029942,0.0,0.0,1.0,0.0,0.0,1.0,0.0,54.95922069489514
1.3375872766150696,-0.6921547979195785,1.2670582177095187,1.5703165804143742,1.4754779732972196,-0.30779350562554625,-1.0909322852368362,1.0,0.0,0.0,0.0,0.0,1.0,0.0,38.18090522519154
0.7833176107517369,0.2510154274158509,-0.31623632152894315,1.246678597546116,0.4790512900315648,-0.30779350562554625,-0.1611736503512598,0.0,0.0,1.0,0.0,0.0,0.0,1.0,44.93716309238571
0.7301684647100475,-0.22056968525186374,1.1745843616075926,0.4330603931348231,-1.5138020764997446,-0.30779350562554625,-0.06603286821461396,1.0,0.0,0.0,0.0,0.0,1.0,0.0,46.20074740395693
-0.19614522344511123,-1.163739910587293,0.9324280664318287,0.5104664789342204,-1.5138020764997446,-0.30779350562554625,0.20759098027634681,0.0,0.0,1.0,0.0,0.0,1.0,0.0,40.265658444205016
0.509979145394477,0.015222871081993588,0.30326219976138513,-1.3347255660306947,-1.0155887348669173,-0.30779350562554625,-1.6734144125498969,0.0,0.0,1.0,0.0,0.0,0.0,1.0,27.94548858041052
0.4188663236087236,-0.22056968525186374,-1.2584343561270797,0.2884698800174065,0.9772646316643921,-0.30779350562554625,0.5840147509101402,0.0,0.0,1.0,0.0,0.0,1.0,0.0,40.17273624002512
0.4644227345016003,-0.4563622415857211,-0.3225857955897197,-0.0565718833532333,0.4790512900315648,-0.30779350562554625,-0.06423555472661172,0.0,0.0,1.0,0.0,0.0,1.0,0.0,45.76870445397509
-1.046531560112142,-0.6921547979195785,0.3798653519897288,0.014082134518738788,1.4754779732972196,-0.30779350562554625,1.3810985643147191,0.0,0.0,1.0,0.0,0.0,1.0,0.0,51.52253073691576
-0.4391127482071201,1.6657707654189948,-1.4654891446110694,1.1404611560799895,-1.5138020764997446,-0.30779350562554625,-0.650330358741457,0.0,1.0,0.0,0.0,1.0,0.0,0.0,28.11693068298985
3.0317163066939203,0.2510154274158509,0.7683098733603707,0.024047324338800923,0.9772646316643921,-0.30779350562554625,-1.0150076760942945,1.0,0.0,0.0,0.0,0.0,0.0,1.0,236.740804082432
-0.6593020675226906,-1.163739910587293,-1.0902165708618794,-1.2129329918166987,-1.5138020764997446,-0.30779350562554625,-0.19050991847128226,1.0,0.0,0.0,0.0,1.0,0.0,0.0,27.862980903179064
1.3679582172103206,0.015222871081993588,-0.8309604909504267,0.2108818945992829,1.4754779732972196,-0.30779350562554625,1.542613470584615,0.0,0.0,1.0,0.0,0.0,1.0,0.0,60.22181226454092
0.6314629077754814,1.6657707654189948,0.5545382525730912,-1.0106802637875256,0.9772646316643921,-0.30779350562554625,-1.241469312029057,0.0,0.0,1.0,0.0,0.0,0.0,1.0,39.3309382009304
1.28443813057338,-0.4563622415857211,1.4804960348147127,-1.12599994006721,1.4754779732972196,3.248931448269655,-1.0408968175410231,0.0,0.0,1.0,0.0,0.0,1.0,0.0,53.004152375462496
0.7985030810493624,0.9583930964174229,0.5682754266774981,1.6439631630074518,1.4754779732972196,-0.30779350562554625,0.7533356791998773,0.0,1.0,0.0,1.0,0.0,0.0,0.0,51.13186182269904
-0.4239272779094945,-1.3995324669211504,0.43733677798778686,-0.14261029021704735,0.4790512900315648,-0.30779350562554625,-1.2227571966723698,0.0,0.0,1.0,0.0,1.0,0.0,0.0,20.954838339054188
0.509979145394477,0.9583930964174229,-1.1352280897846938,0.014061251364853672,0.4790512900315648,-0.30779350562554625,-1.0718265768011028,0.0,0.0,1.0,0.0,0.0,1.0,0.0,38.33398806951443
0.509979145394477,0.2510154274158509,1.3327608311003616,1.3522112873284984,-1.5138020764997446,-0.30779350562554625,0.4456332365710025,0.0,1.0,0.0,0.0,1.0,0.0,0.0,52.33876215983008
-0.6972657432667545,1.1941856527512802,-0.7919402097474431,-1.0183194212392122,0.4790512900315648,-0.30779350562554625,0.3098969952932312,1.0,0.0,0.0,0.0,0.0,1.0,0.0,42.12533495747312
-0.5530037754393117,-1.3995324669211504,0.5754989090667417,-1.0362780736221104,0.4790512900315648,3.248931448269655,0.7840107854707642,0.0,1.0,0.0,0.0,0.0,1.0,0.0,54.79859302429639
0.3960881181622853,1.4299782090851376,-0.5191974315307192,1.4487785254352192,1.4754779732972196,3.248931448269655,-0.7190323683887938,0.0,0.0,1.0,1.0,0.0,0.0,0.0,46.59667959193476
-0.6896730081179416,1.4299782090851376,0.4757647181671383,1.2686982271341884,-0.019162051601262522,-0.30779350562554625,-1.7006252492108622,1.0,0.0,0.0,0.0,1.0,0.0,0.0,18.671551675118096
0.008858625572833725,1.1941856527512802,0.5546294760289825,1.1507319723455924,-0.019162051601262522,-0.30779350562554625,0.4524796142435333,1.0,0.0,0.0,1.0,0.0,0.0,0.0,45.702422255729424
-0.013919579873604603,-1.3995324669211504,-0.8638031346343436,0.27957387945382234,0.9772646316643921,-0.30779350562554625,0.35605947978112706,0.0,1.0,0.0,1.0,0.0,0.0,0.0,41.737492242829056
-1.5400593447849726,-0.4563622415857211,0.7741301854358638,1.51346433076321,-0.019162051601262522,-0.30779350562554625,0.4443723212961589,0.0,1.0,0.0,1.0,0.0,0.0,0.0,34.31018605124429
-0.3783708670166179,0.015222871081993588,-0.7837770101094566,0.15939403904364444,-1.5138020764997446,-0.30779350562554625,-0.014448472074890644,1.0,0.0,0.0,0.0,0.0,1.0,0.0,38.21570049420284
-1.1983862630883977,1.6657707654189948,-0.3631667845615655,-0.8053479612932535,1.4754779732972196,-0.30779350562554625,1.1258177763284916,1.0,0.0,0.0,0.0,0.0,1.0,0.0,48.62152711280995
0.001265890424020949,0.7226005400835656,-0.45393876532632826,-0.7375703507734508,0.4790512900315648,-0.30779350562554625,-0.34130273407511025,0.0,0.0,1.0,0.0,0.0,1.0,0.0,37.11049593565764
0.5555355562873536,0.9583930964174229,-0.024384574273271377,1.120132171541453,0.9772646316643921,-0.30779350562554625,1.7067599975671566,0.0,0.0,1.0,0.0,0.0,1.0,0.0,55.60326930514261
0.9579505191744307,-0.9279473542534358,-0.43368395682034,-0.3606039772227529,-1.5138020764997446,-0.30779350562554625,1.1719167887828317,1.0,0.0,0.0,0.0,1.0,0.0,0.0,58.34171143004316
-0.9098623274335121,-0.6921547979195785,-0.6674024720386961,-0.038288241002490175,0.9772646316643921,-0.30779350562554625,0.24956170329739524,0.0,0.0,1.0,0.0,1.0,0.0,0.0,38.30562770987711
1.216103514234065,-0.4563622415857211,-0.897453505010976,1.351697411879406,-1.5138020764997446,-0.30779350562554625,-0.13733061915861464,1.0,0.0,0.0,0.0,1.0,0.0,0.0,48.80799660662797
0.8592449622398647,-1.6353250232550078,-1.4953318101068542,-1.294918127387671,-0.019162051601262522,-0.30779350562554625,-0.7493183457091477,0.0,0.0,1.0,1.0,0.0,0.0,0.0,25.346539962409963
0.38849538301347253,0.2510154274158509,0.23541912891895872,0.5520198098106973,-1.5138020764997446,-0.30779350562554625,0.14049822946257165,0.0,0.0,1.0,0.0,0.0,0.0,1.0,49.18095765616919
1.1933253087876268,-1.6353250232550078,0.1635449797045906,0.5880825732337508,-0.019162051601262522,3.248931448269655,1.7039675148223072,0.0,1.0,0.0,0.0,0.0,1.0,0.0,74.21989443342866
1.3755509523591334,-0.6921547979195785,0.02413572367248924,0.06336857424399604,1.4754779732972196,-0.30779350562554625,-0.9385775700192225,0.0,0.0,1.0,0.0,0.0,1.0,0.0,41.84589475390195
0.6922047889659836,-0.4563622415857211,-0.3767019132226909,-0.2960584640912411,-1.5138020764997446,-0.30779350562554625,0.11314420255664819,0.0,1.0,0.0,0.0,0.0,1.0,0.0,44.61575936451028
-0.272072574933239,0.015222871081993588,-0.22429089221037574,-0.41175157025361675,-1.5138020764997446,-0.30779350562554625,0.3744452853073018,1.0,0.0,0.0,0.0,0.0,1.0,0.0,32.46326536709223
1.3831436875079461,1.6657707654189948,0.3893038993828978,-0.9855470087843484,-1.5138020764997446,3.248931448269655,-0.6044329468356282,0.0,1.0,0.0,0.0,0.0,1.0,0.0,54.47205000458349
-0.3631853967189923,-1.163739910587293,0.388987853870157,1.6359587202874064,-1.0155887348669173,-0.30779350562554625,-0.3153028313504765,0.0,1.0,0.0,0.0,1.0,0.0,0.0,33.23393011057515
0.1379351231026509,0.2510154274158509,1.0505823033584312,-1.441223995476578,1.4754779732972196,-0.30779350562554625,1.2141270665929251,0.0,0.0,1.0,1.0,0.0,0.0,0.0,45.64164987381024
0.9427650488768052,1.4299782090851376,-1.07335674209852,-0.1995729543971721,-1.0155887348669173,-0.30779350562554625,-0.3234839094455887,0.0,0.0,1.0,1.0,0.0,0.0,0.0,50.47941710867909
1.2009180439364395,-1.6353250232550078,0.04402322274519871,-1.5516167867607962,-1.0155887348669173,-0.30779350562554625,-1.44039996865542,0.0,0.0,1.0,0.0,0.0,0.0,1.0,30.87745733473239
-0.7580076244572567,0.9583930964174229,0.3541874080673869,-0.16014961005710104,-0.5173753932340899,-0.30779350562554625,0.974336315217032,0.0,1.0,0.0,0.0,0.0,0.0,1.0,47.74392062284833
-1.3426482309158405,0.7226005400835656,1.0341143320486321,-0.939577547166912,0.9772646316643921,-0.30779350562554625,-0.17991139839520914,0.0,0.0,1.0,0.0,0.0,1.0,0.0,28.31001238706561
1.2464744548293163,-0.4563622415857211,-0.9844692940204273,-1.4486488202181358,0.9772646316643921,-0.30779350562554625,-1.323917518230808,1.0,0.0,0.0,0.0,0.0,0.0,1.0,32.774029800970766
-1.2287572036836487,0.015222871081993588,0.8572555932512538,-0.2651533561122599,-1.5138020764997446,-0.30779350562554625,0.09388709127994495,0.0,0.0,1.0,0.0,1.0,0.0,0.0,38.31396486464837
0.5175718805432897,0.48680798374970824,3.144739612853293,-1.6233430852978152,-1.0155887348669173,-0.30779350562554625,-1.615978337589755,0.0,1.0,0.0,1.0,0.0,0.0,0.0,35.35247410335702
0.2594188854836553,0.7226005400835656,-0.9978630350660449,-1.1747754122122924,-1.5138020764997446,-0.30779350562554625,-0.7623922537192778,0.0,0.0,1.0,0.0,0.0,0.0,1.0,30.75525793655125
0.4188663236087236,1.4299782090851376,-0.10172933574430365,-0.8181581636027838,0.4790512900315648,-0.30779350562554625,0.6485590340830825,0.0,0.0,1.0,0.0,0.0,1.0,0.0,54.09957063564255
-0.48466915909999675,0.2510154274158509,-1.430553687547022,1.6415859591918815,1.4754779732972196,-0.30779350562554625,-1.4935477420552685,0.0,0.0,1.0,0.0,1.0,0.0,0.0,24.31635115807747
-1.562837550231411,1.1941856527512802,-1.2807068347097543,-1.1157227922438746,1.4754779732972196,3.248931448269655,-1.6542637912738238,0.0,0.0,1.0,0.0,0.0,1.0,0.0,27.969396572762623
0.2594188854836553,1.4299782090851376,1.0304912046242918,-0.6059235501101582,-0.019162051601262522,-0.30779350562554625,-1.5274180102209363,0.0,1.0,0.0,0.0,0.0,1.0,0.0,34.596902201315764
-0.6517093323738778,-0.4563622415857211,0.5484067233605925,0.8606966681097582,-0.5173753932340899,-0.30779350562554625,0.34357690529278284,0.0,0.0,1.0,1.0,0.0,0.0,0.0,45.30635157983909
-0.8567131813918227,-0.4563622415857211,0.7892977231736998,-1.622236996896404,0.9772646316643921,-0.30779350562554625,-0.3560109057621973,0.0,0.0,1.0,0.0,0.0,1.0,0.0,35.97056329649056
-0.5530037754393117,-1.163739910587293,0.5678503437513261,0.43662232556602404,0.9772646316643921,-0.30779350562554625,-1.5333707759633606,0.0,0.0,1.0,0.0,1.0,0.0,0.0,20.19165013436588
0.5934992320314175,-1.3995324669211504,1.0630108454943155,-0.5035368427753226,0.9772646316643921,-0.30779350562554625,-0.008047112531236895,0.0,0.0,1.0,0.0,0.0,0.0,1.0,40.94928373978302
0.5555355562873536,0.7226005400835656,0.788846850613517,-0.8052741745363721,-1.0155887348669173,-0.30779350562554625,0.11909302561117503,0.0,1.0,0.0,1.0,0.0,0.0,0.0,43.34716212732006
3.0317163066939203,-1.163739910587293,0.3323942390873417,0.7896000259741675,0.9772646316643921,-0.30779350562554625,-0.2674714109577732,1.0,0.0,0.0,0.0,0.0,1.0,0.0,181.14232020634785
1.155361633043563,-1.163739910587293,-0.706468022009064,0.5632104568486448,-0.019162051601262522,-0.30779350562554625,-1.075481185687055,1.0,0.0,0.0,0.0,1.0,0.0,0.0,41.04812759604783
-0.5226328348440606,1.1941856527512802,-0.5624091078997875,0.5683026638046197,-1.0155887348669173,-0.30779350562554625,-1.50101340943408,0.0,0.0,1.0,0.0,0.0,1.0,0.0,22.111699959358223
-1.1832007927907722,0.48680798374970824,1.4344268460585512,-0.5177801542962877,-0.019162051601262522,-0.30779350562554625,0.8717150118674115,0.0,0.0,1.0,0.0,0.0,1.0,0.0,40.61710993168761
1.0338778706625584,0.9583930964174229,0.3316476335164592,0.5668500590915785,0.4790512900315648,3.248931448269655,-0.5904765903998704,0.0,0.0,1.0,0.0,0.0,1.0,0.0,40.83410302029882
-1.3654264363622788,0.2510154274158509,0.035835730437480555,1.4338711394853885,0.4790512900315648,-0.30779350562554625,-0.5988133744987141,0.0,0.0,1.0,0.0,0.0,1.0,0.0,25.41370454316269
0.4644227345016003,0.2510154274158509,0.18678410399648585,-0.9112328955034401,0.9772646316643921,-0.30779350562554625,-1.2731756797623581,0.0,0.0,1.0,0.0,1.0,0.0,0.0,25.890271488423732
0.7149829944124219,-1.3995324669211504,1.1474101718534588,1.252626213397557,-0.5173753932340899,-0.30779350562554625,0.1347318318466889,0.0,0.0,1.0,0.0,0.0,0.0,1.0,46.709632833074735
-1.2287572036836487,-0.22056968525186374,-0.05161831706716951,1.2712199604387893,-1.5138020764997446,-0.30779350562554625,-0.7334436400930792,0.0,0.0,1.0,0.0,0.0,1.0,0.0,23.562718453819716
-1.6235794314219132,-0.4563622415857211,0.525023022091493,0.680987272747492,0.9772646316643921,-0.30779350562554625,-1.666013098410346,1.0,0.0,0.0,0.0,0.0,1.0,0.0,16.566751782132215
0.1151569176562126,1.1941856527512802,0.2515583487322362,-0.8141412860836008,0.4790512900315648,-0.30779350562554625,-0.6808166158920473,0.0,0.0,1.0,0.0,0.0,1.0,0.0,37.386063510937966
-0.9554187383263888,-0.6921547979195785,-0.30251459769836153,0.7374331600006373,1.4754779732972196,-0.30779350562554625,0.9057480306071669,0.0,0.0,1.0,0.0,0.0,1.0,0.0,41.62210376932863
0.9351723137279924,0.9583930964174229,-0.9758539356130126,-0.21818111025021086,-0.019162051601262522,-0.30779350562554625,0.7310133550631335,0.0,0.0,1.0,0.0,1.0,0.0,0.0,49.53918175041448
-0.48466915909999675,0.2510154274158509,-0.8911612045793981,0.452825876838591,0.9772646316643921,-0.30779350562554625,-1.5628649377373205,0.0,0.0,1.0,0.0,0.0,0.0,1.0,22.81852840038222
-1.2819063497253382,1.1941856527512802,0.28040500421162706,1.4759232315756927,0.9772646316643921,-0.30779350562554625,-0.7638731286605774,1.0,0.0,0.0,0.0,0.0,0.0,1.0,30.276006387000947
-0.8794913868382611,0.9583930964174229,0.5391126355287561,1.2539351606221776,-1.5138020764997446,-0.30779350562554625,-1.1367670803952712,0.0,0.0,1.0,1.0,0.0,0.0,0.0,22.02736833885948
-0.1126251368081707,-0.4563622415857211,-0.42628099681299025,-1.5928465471266537,-1.0155887348669173,-0.30779350562554625,0.45152213356278253,0.0,0.0,1.0,0.0,0.0,1.0,0.0,39.363101762174665
-0.4618909536535584,-1.6353250232550078,0.2085545527515443,-0.9049513202073362,-1.5138020764997446,-0.30779350562554625,-0.9930697952679237,0.0,0.0,1.0,1.0,0.0,0.0,0.0,22.747668645371174
-0.8718986516894484,-1.163739910587293,0.4963614337101697,-0.19861770924744096,-0.5173753932340899,-0.30779350562554625,-1.633954572806157,0.0,0.0,1.0,0.0,0.0,1.0,0.0,15.029167728376477
0.9807287246208691,-1.6353250232550078,0.8546229589329543,1.3259654577525364,-1.5138020764997446,-0.30779350562554625,-0.8233844156309551,0.0,0.0,1.0,0.0,0.0,1.0,0.0,37.41623060587887
1.0035069300673074,1.1941856527512802,-1.1499287081310834,-0.8605180338144971,-0.019162051601262522,-0.30779350562554625,0.9406084159460694,0.0,0.0,1.0,0.0,0.0,1.0,0.0,47.259897222070165
-0.05947599076648126,1.4299782090851376,1.3666951068416315,-1.023602913138739,-0.019162051601262522,3.248931448269655,-0.11120905939031558,0.0,0.0,1.0,0.0,0.0,1.0,0.0,42.63735985194516
1.0946197518530607,1.6657707654189948,0.8217985407593777,1.0734812984702016,-0.5173753932340899,-0.30779350562554625,-1.4625664556292,0.0,0.0,1.0,0.0,1.0,0.0,0.0,41.905911523427854
-1.600801225975475,1.4299782090851376,-0.3359287475487687,-1.4197195144880201,-1.5138020764997446,-0.30779350562554625,-0.8087300276087953,0.0,0.0,1.0,0.0,0.0,1.0,0.0,25.766014725238325
-1.5704302853802237,1.1941856527512802,-0.4980202737030153,-0.8655736517360435,-1.0155887348669173,3.248931448269655,-1.0426515417066304,0.0,1.0,0.0,0.0,0.0,0.0,1.0,26.88003880114452
1.0490633409601842,-1.6353250232550078,-3.135968037190211,-0.1542812649201708,-1.5138020764997446,3.248931448269655,1.6633055261964247,0.0,0.0,1.0,0.0,0.0,0.0,1.0,71.75227074576247
-0.9022695922846994,0.2510154274158509,0.6873592051089727,-0.8580089475556846,-1.5138020764997446,-0.30779350562554625,-1.5107810552074252,0.0,0.0,1.0,1.0,0.0,0.0,0.0,28.946465336432905
0.1758987988467148,-0.6921547979195785,1.3951405579179852,-1.324068038113799,0.9772646316643921,-0.30779350562554625,-0.38906724864700365,0.0,1.0,0.0,0.0,0.0,1.0,0.0,34.751027860371266
0.5479428211385409,-1.163739910587293,-1.4215299685680183,-0.6978241850878018,-0.5173753932340899,-0.30779350562554625,0.49381944647241555,0.0,0.0,1.0,0.0,0.0,0.0,1.0,43.39204397910037
0.16071332854908923,-0.22056968525186374,1.0182951779320297,0.7171380127919794,1.4754779732972196,-0.30779350562554625,0.5079580474553131,0.0,0.0,1.0,0.0,0.0,1.0,0.0,45.41502825553888
-0.3252217209749284,-0.6921547979195785,0.7249039034716963,-0.6191889504393926,0.9772646316643921,-0.30779350562554625,0.44871233577158065,1.0,0.0,0.0,0.0,0.0,1.0,0.0,39.09620205186671
-0.6744875378203161,-0.4563622415857211,-1.1888115448075018,-0.7653999903495912,0.9772646316643921,-0.30779350562554625,1.456301530582072,0.0,0.0,1.0,0.0,0.0,0.0,1.0,48.22888084917974
-1.4717247284456576,1.6657707654189948,0.8307883136945402,-0.9371200038083353,0.4790512900315648,-0.30779350562554625,0.6152567125110123,1.0,0.0,0.0,1.0,0.0,0.0,0.0,34.040727008441245
-0.07466146106410682,-0.4563622415857211,-1.3250487874771408,-0.16858255493421628,-0.5173753932340899,-0.30779350562554625,1.7636003910594826,0.0,0.0,1.0,0.0,0.0,1.0,0.0,49.17632379541488
0.745353935007673,-1.163739910587293,-0.2599879074758419,0.7241633456743815,0.9772646316643921,-0.30779350562554625,1.5099333175144753,1.0,0.0,0.0,0.0,0.0,1.0,0.0,59.76235619601293
-1.4793174635944704,0.2510154274158509,-0.6839269216173902,1.554949945510123,-0.5173753932340899,-0.30779350562554625,-0.6783100838692753,0.0,0.0,1.0,0.0,1.0,0.0,0.0,21.20784527390633
-0.006326844724791827,-0.6921547979195785,-1.4377863033782041,0.14748504898449463,-1.0155887348669173,-0.30779350562554625,0.04345321183103193,1.0,0.0,0.0,0.0,0.0,0.0,1.0,46.04778611530802
-1.3806119066599043,0.9583930964174229,0.9032778275546676,-0.6649724803907149,-1.0155887348669173,3.248931448269655,0.32499051019661845,0.0,1.0,0.0,0.0,0.0,1.0,0.0,45.61661099759103
0.48720093994803865,0.7226005400835656,-3.135968037190211,-1.720081156555987,-1.5138020764997446,-0.30779350562554625,-0.3741474804870361,1.0,0.0,0.0,1.0,0.0,0.0,0.0,45.17859439882015
1.087027016704248,0.015222871081993588,0.37827099140577536,-0.37979968492370225,-1.0155887348669173,-0.30779350562554625,-0.07515902045550207,0.0,0.0,1.0,0.0,0.0,1.0,0.0,51.797708633708375
0.6997975241147963,0.48680798374970824,0.17379713209864622,0.13319609101106433,0.9772646316643921,3.248931448269655,-1.0794672132429113,0.0,0.0,1.0,0.0,1.0,0.0,0.0,50.64036427126848
0.13034238795383815,-0.9279473542534358,-1.4359660311685964,-0.49742648682754675,-1.0155887348669173,-0.30779350562554625,-1.3332269280434528,0.0,0.0,1.0,1.0,0.0,0.0,0.0,30.401982938361428
-1.631172166570726,0.7226005400835656,-1.2789984125452756,-1.3508984041154328,0.9772646316643921,3.248931448269655,-0.6464747280089631,0.0,0.0,1.0,0.0,0.0,1.0,0.0,43.27533953549776
3.0317163066939203,-0.6921547979195785,-1.3815920013745984,-0.86899663526915,0.4790512900315648,-0.30779350562554625,0.3222124944985023,1.0,0.0,0.0,1.0,0.0,0.0,0.0,146.54879911584374
0.5555355562873536,1.1941856527512802,-0.931942221620758,-1.5516359630293213,-1.5138020764997446,-0.30779350562554625,-0.9554202086171164,0.0,0.0,1.0,1.0,0.0,0.0,0.0,29.67590590798278
0.9123941082815541,-0.22056968525186374,-1.4682144329634519,-1.1104788175743088,1.4754779732972196,-0.30779350562554625,1.1452832143107143,0.0,0.0,1.0,0.0,0.0,1.0,0.0,49.07073747178846
0.9579505191744307,0.48680798374970824,0.2985020416603013,-0.006486049029297178,0.9772646316643921,-0.30779350562554625,1.6523981955172204,0.0,0.0,1.0,0.0,0.0,1.0,0.0,58.30576203855113
1.28443813057338,-1.3995324669211504,0.16835662973144178,-0.021839920022460695,1.4754779732972196,-0.30779350562554625,-0.08849364847380758,0.0,0.0,1.0,0.0,0.0,0.0,1.0,47.3905283958085
-0.7504148893084439,-1.6353250232550078,-0.16168960476865138,-0.49002657735143734,-1.0155887348669173,-0.30779350562554625,-0.39699053468742157,1.0,0.0,0.0,0.0,0.0,0.0,1.0,34.67606562335067
-1.5248738744873471,1.4299782090851376,0.41552698439166563,-0.7611273791428108,0.9772646316643921,-0.30779350562554625,1.053274350800107,0.0,0.0,1.0,0.0,1.0,0.0,0.0,49.26726747355824
-1.4185755824039683,-1.6353250232550078,-0.4775184234893041,-0.7197944652257804,-1.0155887348669173,-0.30779350562554625,-1.2010658066970268,0.0,1.0,0.0,0.0,1.0,0.0,0.0,20.46662547745512
-0.9402332680287633,0.015222871081993588,-1.1857804909986183,0.3692078409157489,-1.0155887348669173,-0.30779350562554625,0.7993842313025086,0.0,0.0,1.0,1.0,0.0,0.0,0.0,43.610472526965104
-0.19614522344511123,-0.4563622415857211,1.5152099185279768,-0.43855752690983285,1.4754779732972196,-0.30779350562554625,0.640123567143648,1.0,0.0,0.0,0.0,1.0,0.0,0.0,44.97120795281349
-0.8415277110941972,-0.4563622415857211,-0.7199657815942176,1.3165463813100666,-1.0155887348669173,-0.30779350562554625,-1.3453669435687359,0.0,0.0,1.0,0.0,1.0,0.0,0.0,25.792558646776204
-1.388204641808717,-0.22056968525186374,-0.5729526828071358,1.2593988191709529,-0.019162051601262522,-0.30779350562554625,1.243667982374984,0.0,0.0,1.0,0.0,0.0,0.0,1.0,43.49902193430917
-0.1429960774034218,-1.163739910587293,-0.1575304589935215,0.171235376191836,-1.0155887348669173,-0.30779350562554625,-0.5534072079506617,0.0,0.0,1.0,1.0,0.0,0.0,0.0,29.02433765482486
-1.3046845551717765,0.7226005400835656,1.0640082286437762,1.3309731068673845,0.4790512900315648,-0.30779350562554625,1.2075820809364868,0.0,0.0,1.0,0.0,1.0,0.0,0.0,54.33042519963962
1.3072163360198183,-1.3995324669211504,0.21924021427184034,-0.20214650787641275,1.4754779732972196,-0.30779350562554625,-0.11847210344023795,0.0,0.0,1.0,0.0,1.0,0.0,0.0,44.274849697036814
1.1933253087876268,-1.3995324669211504,-0.626156461257214,-0.4668978595167403,-1.5138020764997446,-0.30779350562554625,-0.31426555113526167,0.0,1.0,0.0,0.0,0.0,1.0,0.0,47.26385792863484
-0.71245121356438,0.9583930964174229,0.33482967993035095,-0.09184491383110188,0.9772646316643921,-0.30779350562554625,1.6127937237585568,0.0,0.0,1.0,0.0,0.0,1.0,0.0,44.92645765113501
-0.8415277110941972,-0.9279473542534358,1.1010084079445772,-1.3053525816347575,-0.019162051601262522,-0.30779350562554625,0.06894381250415782,0.0,0.0,1.0,1.0,0.0,0.0,0.0,30.46669384699693
0.1455278582514637,0.015222871081993588,0.923964079844651,0.15220333877937522,-1.5138020764997446,-0.30779350562554625,1.2112432050344812,0.0,0.0,1.0,0.0,1.0,0.0,0.0,50.0905017840941
1.3375872766150696,-1.6353250232550078,0.17554942193343998,0.04709913143300853,-1.5138020764997446,3.248931448269655,-0.5642877012657123,0.0,0.0,1.0,0.0,0.0,0.0,1.0,50.225013421673104
0.7681321404541114,0.2510154274158509,-0.17054635905679028,-0.977951158326242,-0.019162051601262522,-0.30779350562554625,-0.45517666683728186,1.0,0.0,0.0,0.0,1.0,0.0,0.0,40.84946119758106
0.26701162063246814,-1.3995324669211504,0.183487696870551,-0.5189043777135837,0.4790512900315648,-0.30779350562554625,1.534796103961134,0.0,0.0,1.0,0.0,0.0,0.0,1.0,57.0664809637605
-0.507447364546435,-0.6921547979195785,0.5127494098722084,-0.5299538823659791,-0.019162051601262522,-0.30779350562554625,-0.45957484276900845,0.0,0.0,1.0,0.0,0.0,1.0,0.0,39.51362622730128
1.087027016704248,1.1941856527512802,0.9208486192422681,0.0727420746032527,1.4754779732972196,-0.30779350562554625,-1.674243637391111,0.0,0.0,1.0,1.0,0.0,0.0,0.0,35.47048980696812
0.9807287246208691,-1.6353250232550078,-1.0183625564672758,-1.1483867497592983,0.4790512900315648,-0.30779350562554625,0.43050058400637925,1.0,0.0,0.0,0.0,0.0,1.0,0.0,43.8771704460282
3.0317163066939203,-1.163739910587293,-0.5780067683609839,-0.5714810501947445,-0.5173753932340899,-0.30779350562554625,-0.6012605484183697,0.0,0.0,1.0,0.0,0.0,0.0,1.0,172.1555822855819
-0.5454110402904989,1.6657707654189948,-0.30764727513938894,-0.6744131184108182,-0.019162051601262522,-0.30779350562554625,0.8337614546211313,0.0,0.0,1.0,0.0,0.0,1.0,0.0,47.99190950936404
-0.8567131813918227,-0.4563622415857211,0.811374884034702,-1.622236996896404,0.9772646316643921,-0.30779350562554625,-0.3560109057621973,0.0,0.0,1.0,0.0,0.0,1.0,0.0,35.97056329649056
-0.8567131813918227,-0.6921547979195785,1.180410773341621,0.3574127381273373,0.9772646316643921,-0.30779350562554625,1.4301676458749875,0.0,0.0,1.0,0.0,0.0,1.0,0.0,39.90111001846277
-0.6744875378203161,-1.3995324669211504,-0.6944451965615697,1.6678277407215027,1.4754779732972196,-0.30779350562554625,1.7382554352380843,0.0,1.0,0.0,0.0,0.0,1.0,0.0,46.88100458246255
0.25182615033484257,0.2510154274158509,1.045474279801443,1.023622858993921,-0.019162051601262522,-0.30779350562554625,1.1363283242463513,0.0,0.0,1.0,0.0,0.0,1.0,0.0,50.07505369805271
-1.2591281442789,-1.163739910587293,1.437964336851008,-0.763620721409687,-1.0155887348669173,-0.30779350562554625,1.4120820828197278,1.0,0.0,0.0,0.0,0.0,0.0,1.0,39.131939135686665
-0.917455062582325,0.48680798374970824,-0.35035371380978475,1.1623129954686913,-0.019162051601262522,-0.30779350562554625,1.2638580814143514,0.0,0.0,1.0,0.0,0.0,0.0,1.0,41.14693013822528
0.2746043557812809,1.1941856527512802,-0.5387614181015906,0.3143491434426229,-0.019162051601262522,-0.30779350562554625,-1.5233875193386255,0.0,0.0,1.0,1.0,0.0,0.0,0.0,25.96082788900909
0.8744304325374902,0.9583930964174229,-1.2612066902241852,-0.6579855687142367,-1.0155887348669173,-0.30779350562554625,-1.4401020628299872,1.0,0.0,0.0,0.0,0.0,1.0,0.0,34.957215203516746
-0.28725804523086457,-1.3995324669211504,-0.00856904099235694,0.20219386146501828,-1.5138020764997446,-0.30779350562554625,0.5948337991203304,0.0,0.0,1.0,0.0,0.0,1.0,0.0,44.34145336877085
-0.272072574933239,0.015222871081993588,-0.13573976222338083,-1.0856752285356799,-0.5173753932340899,-0.30779350562554625,-0.588261368711431,0.0,1.0,0.0,0.0,1.0,0.0,0.0,40.34801251669088
0.6466483780731069,-1.3995324669211504,1.2350111474789918,1.6569419718133578,-1.0155887348669173,-0.30779350562554625,-0.3056713821828175,1.0,0.0,0.0,0.0,1.0,0.0,0.0,43.31566368823671
-0.6061529214810012,-0.22056968525186374,1.1659158385923662,-0.34937651376892803,-0.5173753932340899,-0.30779350562554625,-0.9643596598104834,0.0,0.0,1.0,1.0,0.0,0.0,0.0,27.05645423740519
-0.71245121356438,0.2510154274158509,-0.7824721319688765,1.1104234421252057,0.9772646316643921,-0.30779350562554625,1.0938900659000292,1.0,0.0,0.0,0.0,1.0,0.0,0.0,45.11368986323743
-0.340407191272554,-1.163739910587293,0.3867040397954782,0.5640900058710099,-1.5138020764997446,-0.30779350562554625,1.4171014545229326,0.0,0.0,1.0,0.0,0.0,0.0,1.0,45.55122663876553
-0.4694836888023712,1.1941856527512802,-1.135407480778481,-1.0273117229939475,-1.5138020764997446,-0.30779350562554625,-1.6009406307506322,0.0,0.0,1.0,1.0,0.0,0.0,0.0,18.665798273669395
-0.7352294190108183,-1.163739910587293,-0.8927346890741228,-0.028884808055872093,-0.019162051601262522,-0.30779350562554625,-0.9908323210335953,0.0,0.0,1.0,0.0,0.0,1.0,0.0,16.80629174032871
0.001265890424020949,0.48680798374970824,-1.22052597669208,-0.12098947651801518,-1.5138020764997446,-0.30779350562554625,-1.3157116446695496,1.0,0.0,0.0,0.0,0.0,1.0,0.0,31.204223425463777
1.1325834275971245,-0.22056968525186374,-0.9463267883802332,1.1616041010870648,0.4790512900315648,-0.30779350562554625,0.44883965283159266,0.0,0.0,1.0,0.0,1.0,0.0,0.0,47.20295778197305
0.4644227345016003,1.6657707654189948,-3.135968037190211,-0.3406950631335568,-1.0155887348669173,-0.30779350562554625,0.7136644496255109,0.0,1.0,0.0,0.0,0.0,1.0,0.0,50.568698570351984
-1.289499084874151,-1.3995324669211504,0.1074237750431014,0.7626568807580659,-1.5138020764997446,-0.30779350562554625,0.42231171088174885,0.0,0.0,1.0,0.0,0.0,1.0,0.0,36.97148717739101
-0.3252217209749284,-0.22056968525186374,-0.6315862222789451,-1.5660894813603226,-1.5138020764997446,-0.30779350562554625,0.29644248421291286,0.0,0.0,1.0,0.0,0.0,1.0,0.0,39.50264031483726
0.2594188854836553,0.9583930964174229,-1.2281913074905206,-0.8199386594016875,0.9772646316643921,-0.30779350562554625,-1.502960941514926,0.0,1.0,0.0,0.0,1.0,0.0,0.0,35.78733656258153
-1.2287572036836487,0.015222871081993588,0.7142806231596994,0.3065537006972075,1.4754779732972196,-0.30779350562554625,0.9796966482274078,1.0,0.0,0.0,0.0,1.0,0.0,0.0,39.6657079268582
-1.319870025469402,0.7226005400835656,-1.2201970486729805,1.53430742017648,-1.0155887348669173,-0.30779350562554625,-1.3189389608480278,1.0,0.0,0.0,0.0,1.0,0.0,0.0,21.88699252948757
-0.16577428284986012,-1.163739910587293,-1.1828399313857048,0.43102583381882414,1.4754779732972196,-0.30779350562554625,-0.9878116742574939,0.0,0.0,1.0,0.0,0.0,1.0,0.0,21.31658594169797
1.0035069300673074,0.7226005400835656,1.4690525203599978,1.4498068647669082,-0.5173753932340899,-0.30779350562554625,-0.9980047062688531,0.0,0.0,1.0,1.0,0.0,0.0,0.0,44.06534191733787
0.48720093994803865,1.4299782090851376,1.0971521953798964,-0.47854469781268305,0.9772646316643921,-0.30779350562554625,-0.2829703339931994,0.0,0.0,1.0,0.0,0.0,1.0,0.0,37.29872271217137
0.03922956616808483,0.2510154274158509,-0.6993696117108235,1.0062711117533862,-0.5173753932340899,-0.30779350562554625,1.3586625860697141,0.0,0.0,1.0,1.0,0.0,0.0,0.0,47.17767974628638
0.8364667567934263,-0.22056968525186374,0.5490463639738536,0.7014577729666498,0.4790512900315648,3.248931448269655,-1.2220535185526713,0.0,1.0,0.0,0.0,0.0,0.0,1.0,46.67172979068621
-0.6365238620762522,0.48680798374970824,1.1810050969389656,1.252945075715978,0.9772646316643921,-0.30779350562554625,-0.046224459672378974,0.0,0.0,1.0,0.0,0.0,1.0,0.0,46.31842087134507
-0.2417016343379879,-0.9279473542534358,-0.3939832320026363,-1.3839149213784414,0.4790512900315648,3.248931448269655,-1.5170853426463662,1.0,0.0,0.0,1.0,0.0,0.0,0.0,31.32297930911143
1.1933253087876268,-1.6353250232550078,0.2182216040868229,0.5880825732337508,-0.019162051601262522,3.248931448269655,1.7039675148223072,0.0,1.0,0.0,0.0,0.0,1.0,0.0,74.21989443342866
-1.3426482309158405,-0.22056968525186374,1.3421462527417336,-0.9061144339136877,-0.019162051601262522,-0.30779350562554625,1.3062544347018774,0.0,0.0,1.0,0.0,0.0,1.0,0.0,51.63730321018424
0.6694265835195452,-1.6353250232550078,-1.0060727948901818,-0.26976598780856104,-0.019162051601262522,-0.30779350562554625,1.541976066084913,0.0,0.0,1.0,0.0,0.0,0.0,1.0,52.23524727166063
0.4188663236087236,-0.6921547979195785,1.0801839506640611,-0.40371013297254277,0.9772646316643921,-0.30779350562554625,1.0144475340935932,0.0,0.0,1.0,0.0,1.0,0.0,0.0,53.440622009713785
1.2388817196805035,1.6657707654189948,1.3710355409201507,1.5576995208434248,-1.5138020764997446,-0.30779350562554625,-1.3080502209924882,0.0,0.0,1.0,0.0,0.0,0.0,1.0,44.8226272932104
-1.5324666096361599,0.015222871081993588,-0.836995974941738,0.017087825984924997,-1.0155887348669173,-0.30779350562554625,1.2963676180429666,1.0,0.0,0.0,0.0,1.0,0.0,0.0,30.167843198721684
-0.44670548335593285,-0.4563622415857211,-0.4868380054709746,-0.149998528413062,-1.5138020764997446,-0.30779350562554625,1.338442423303052,0.0,0.0,1.0,0.0,0.0,1.0,0.0,53.019181175719616
1.223696249382878,0.015222871081993588,0.08002886500162029,-1.2561265217410436,-1.5138020764997446,-0.30779350562554625,-0.16125436239928487,0.0,1.0,0.0,0.0,0.0,1.0,0.0,45.92131478268247
-0.7504148893084439,0.9583930964174229,-0.7348059296991476,-0.8141104163072712,-0.019162051601262522,-0.30779350562554625,-0.7086177563361684,0.0,0.0,1.0,0.0,1.0,0.0,0.0,38.7566175538503
0.22904794488840424,-1.3995324669211504,1.4026299683330574,-0.8219005441673005,0.9772646316643921,-0.30779350562554625,0.12718429836868297,0.0,0.0,1.0,1.0,0.0,0.0,0.0,52.11980558413495
0.04682230131689761,0.2510154274158509,0.7154979880526956,0.7518155547194368,-0.019162051601262522,-0.30779350562554625,-0.07655144624976284,0.0,1.0,0.0,0.0,1.0,0.0,0.0,43.10401968389133
1.2768453954245673,-1.163739910587293,-0.3696708349288736,-0.5666441882940951,-0.5173753932340899,-0.30779350562554625,0.639578977393525,0.0,0.0,1.0,0.0,0.0,1.0,0.0,52.26367027930706
1.056656076108997,0.015222871081993588,-1.201661019103854,-0.2928630905139591,1.4754779732972196,-0.30779350562554625,1.4759050573709727,1.0,0.0,0.0,1.0,0.0,0.0,0.0,58.63395686082685
-1.3274627606182148,0.7226005400835656,-1.4138543744062404,-0.34522892839982444,0.9772646316643921,-0.30779350562554625,-1.154042265504241,0.0,0.0,1.0,0.0,0.0,1.0,0.0,27.065493186452
-0.71245121356438,0.9583930964174229,-1.1876737579558714,0.11350831231524096,0.4790512900315648,-0.30779350562554625,1.055120143663056,0.0,0.0,1.0,0.0,0.0,0.0,1.0,35.26192923315782
-1.2363499388324615,1.4299782090851376,0.8601643818547224,0.0818624596749613,1.4754779732972196,-0.30779350562554625,0.11191387432609881,0.0,0.0,1.0,0.0,0.0,1.0,0.0,42.84272292631529
-1.5324666096361599,-1.163739910587293,0.8175254572289308,-1.046532449452994,-0.019162051601262522,-0.30779350562554625,0.3167242496193865,0.0,0.0,1.0,0.0,0.0,1.0,0.0,32.39586337854402
-0.37077813186780506,-0.6921547979195785,-0.9391976633877384,0.6764841053386935,0.4790512900315648,-0.30779350562554625,0.9834342004670081,0.0,0.0,1.0,0.0,0.0,1.0,0.0,39.66096850558484
1.1781398384900013,-0.9279473542534358,0.8195387023186189,0.7377364394686592,1.4754779732972196,3.248931448269655,-0.17826843804630252,0.0,1.0,0.0,1.0,0.0,0.0,0.0,66.95166162817456
-0.47707642395118394,0.015222871081993588,0.8371608685725501,-0.5270382872233277,0.4790512900315648,-0.30779350562554625,-0.6616228828308484,1.0,0.0,0.0,0.0,1.0,0.0,0.0,31.51138400026192
0.9275795785791796,0.2510154274158509,0.7009743872294133,-1.6889486001626723,-1.0155887348669173,-0.30779350562554625,0.32066222493016394,0.0,0.0,1.0,0.0,0.0,0.0,1.0,49.661599436073416
1.0110996652161202,0.9583930964174229,-1.4580687875695482,-0.24828345763269186,1.4754779732972196,-0.30779350562554625,0.21685796335717994,0.0,0.0,1.0,0.0,1.0,0.0,0.0,53.20337458100168
3.0317163066939203,-0.9279473542534358,0.1873923694650269,-0.6747005590500579,0.4790512900315648,-0.30779350562554625,-1.2366519903080475,0.0,1.0,0.0,1.0,0.0,0.0,0.0,127.43515972323362
-0.2341088991891751,-1.3995324669211504,0.13574586233995004,0.58986426678819,1.4754779732972196,-0.30779350562554625,-0.656666903364164,1.0,0.0,0.0,0.0,0.0,0.0,1.0,35.647366340464266
0.9427650488768052,-0.9279473542534358,0.7986913406404191,0.6873441498920512,1.4754779732972196,3.248931448269655,0.2824147527057967,0.0,1.0,0.0,0.0,0.0,1.0,0.0,63.61488965710212
-0.09743966651054514,1.4299782090851376,0.3559483626535276,0.2969743330796188,-0.019162051601262522,3.248931448269655,-1.1416280007136086,0.0,0.0,1.0,0.0,0.0,1.0,0.0,49.7599779068028
-1.1983862630883977,-0.4563622415857211,-1.4614281142321544,0.1377680391501066,0.4790512900315648,-0.30779350562554625,-0.7909025273827743,0.0,0.0,1.0,1.0,0.0,0.0,0.0,24.281083527890157
-0.5378183051416862,0.015222871081993588,1.488348080925336,-1.2552957329783627,-0.5173753932340899,-0.30779350562554625,-1.1028348652682791,0.0,0.0,1.0,0.0,1.0,0.0,0.0,28.0095098013163
-1.5324666096361599,-0.22056968525186374,0.1192975160559226,1.607800518496236,-0.5173753932340899,-0.30779350562554625,-1.49045153098973,0.0,0.0,1.0,0.0,0.0,1.0,0.0,20.221548401986887
-0.780785829903695,0.015222871081993588,-0.5283647719056187,0.24015806576480866,-0.019162051601262522,-0.30779350562554625,0.21748508340723652,0.0,0.0,1.0,0.0,0.0,1.0,0.0,40.8021964008873
0.04682230131689761,1.1941856527512802,0.7384721332602945,-0.8883019531029497,-0.019162051601262522,-0.30779350562554625,0.7476463077973677,0.0,0.0,1.0,0.0,0.0,0.0,1.0,49.193833553221225
-0.21133069374273677,0.2510154274158509,-1.2749155169114337,-1.153486002515696,0.4790512900315648,-0.30779350562554625,-1.3998714725517127,1.0,0.0,0.0,1.0,0.0,0.0,0.0,22.98692077983161
0.15312059340027648,0.015222871081993588,-0.9677345414602235,-1.5271780572044973,1.4754779732972196,-0.30779350562554625,0.2854106366203033,0.0,0.0,1.0,0.0,0.0,1.0,0.0,40.60486015932328
0.8744304325374902,1.4299782090851376,-0.21562170428594848,0.8197350559192718,-1.5138020764997446,-0.30779350562554625,-1.0246172579277542,0.0,1.0,0.0,0.0,1.0,0.0,0.0,40.633073102672135
0.1455278582514637,0.2510154274158509,-0.6833953296623541,-1.571473051938369,-0.019162051601262522,-0.30779350562554625,1.6187540964040183,0.0,0.0,1.0,1.0,0.0,0.0,0.0,44.2758108251147
0.25182615033484257,0.9583930964174229,0.3335669252288822,0.5507295437504408,0.4790512900315648,-0.30779350562554625,0.2573204195582397,0.0,0.0,1.0,0.0,1.0,0.0,0.0,38.96186733709444
0.9275795785791796,0.7226005400835656,-0.07639970295533857,0.0565974932658646,0.9772646316643921,3.248931448269655,1.138775835339141,0.0,0.0,1.0,0.0,1.0,0.0,0.0,79.93317556316883
-0.8567131813918227,-0.6921547979195785,1.221640581061552,0.3574127381273373,0.9772646316643921,-0.30779350562554625,1.4301676458749875,0.0,0.0,1.0,0.0,0.0,1.0,0.0,39.90111001846277
-1.3502409660646533,1.6657707654189948,1.2864024304113837,0.28140626489761705,0.4790512900315648,-0.30779350562554625,-1.0830947569101883,0.0,0.0,1.0,0.0,0.0,1.0,0.0,21.1194770153186
-0.7352294190108183,-0.9279473542534358,0.026288651670037508,-1.6231125425870465,1.4754779732972196,-0.30779350562554625,0.5980114240427449,1.0,0.0,0.0,1.0,0.0,0.0,0.0,31.827616080564624
-0.8870841219870739,-0.6921547979195785,-0.7894078874604219,0.981788842129047,0.4790512900315648,-0.30779350562554625,-0.21959779164846388,0.0,1.0,0.0,0.0,1.0,0.0,0.0,41.30178486757264
0.7529466701564858,1.4299782090851376,0.6336467340935596,-0.4122792662174094,1.4754779732972196,-0.30779350562554625,0.15551268877405075,0.0,0.0,1.0,0.0,0.0,1.0,0.0,44.40918621904974
-1.6083939611242877,0.015222871081993588,1.1714700248170853,-1.468430030189576,-0.019162051601262522,-0.30779350562554625,0.13595501514175554,0.0,0.0,1.0,1.0,0.0,0.0,0.0,29.56588823148917
0.7909103459005496,0.7226005400835656,-1.2338298405292936,-0.1002684971832362,0.9772646316643921,-0.30779350562554625,-0.9311764304880376,0.0,0.0,1.0,1.0,0.0,0.0,0.0,35.56827613398504
-0.6213383917786267,-0.22056968525186374,-0.9844008587762075,-0.7248427452468417,-0.5173753932340899,-0.30779350562554625,0.09113639279180363,0.0,0.0,1.0,0.0,0.0,1.0,0.0,39.95520046793589
1.0035069300673074,0.2510154274158509,0.42595631772664005,0.4672188298454109,-0.5173753932340899,-0.30779350562554625,0.042886684245621386,1.0,0.0,0.0,0.0,1.0,0.0,0.0,48.45205936270791
0.7225757295612347,-1.6353250232550078,1.4293598174372788,-0.4459956876783392,-1.5138020764997446,-0.30779350562554625,-1.3822961944671892,0.0,0.0,1.0,1.0,0.0,0.0,0.0,27.074924688144137
-0.22651616404036234,0.9583930964174229,0.06831552439342727,-0.9788245232845108,-0.019162051601262522,-0.30779350562554625,1.3383399791006736,0.0,0.0,1.0,0.0,1.0,0.0,0.0,48.51387017262589
1.2920308657221928,-0.4563622415857211,1.0868054660989384,0.2501551738054878,0.4790512900315648,3.248931448269655,0.8124026142369846,0.0,0.0,1.0,0.0,0.0,1.0,0.0,66.11120400029236
-0.34799992642136673,1.1941856527512802,1.0381190639634315,0.9324193083101197,-0.019162051601262522,-0.30779350562554625,0.9612574531418988,0.0,0.0,1.0,0.0,0.0,1.0,0.0,50.1501931840935
-1.0085678843680783,-0.6921547979195785,-1.2965670641997433,1.5388790705518205,-0.019162051601262522,-0.30779350562554625,-0.25635826595350836,0.0,1.0,0.0,0.0,1.0,0.0,0.0,30.49192342488851
-0.272072574933239,1.1941856527512802,0.5084503855231192,1.2787963542499186,-0.5173753932340899,-0.30779350562554625,0.08415755387625472,0.0,1.0,0.0,0.0,1.0,0.0,0.0,41.135303773637006
-1.426168317552781,0.9583930964174229,-0.3267831936083724,-0.8671498242456889,-0.5173753932340899,-0.30779350562554625,0.71459321030287,0.0,1.0,0.0,1.0,0.0,0.0,0.0,36.79611132796196
-1.1148661764514571,-0.22056968525186374,0.26265899447757657,0.8339107473853534,0.9772646316643921,-0.30779350562554625,1.7195771086926417,0.0,0.0,1.0,0.0,0.0,1.0,0.0,46.98950310436417
-0.4163345427606817,-0.4563622415857211,0.9083426932537417,0.8516655608769933,-0.5173753932340899,-0.30779350562554625,-0.44456400803715007,0.0,0.0,1.0,0.0,0.0,0.0,1.0,29.89984605409981
0.9579505191744307,1.1941856527512802,1.01783126769195,1.6525899320659556,0.9772646316643921,-0.30779350562554625,-1.5089446560459743,0.0,0.0,1.0,1.0,0.0,0.0,0.0,41.6100412242775
1.3679582172103206,-1.6353250232550078,-0.11099467565142108,-0.035150376076457164,0.4790512900315648,-0.30779350562554625,0.8637370293665009,0.0,0.0,1.0,1.0,0.0,0.0,0.0,50.38993640104335
-1.3654264363622788,1.4299782090851376,-0.8477466894033474,-0.3141425569205527,0.4790512900315648,-0.30779350562554625,1.0966065480662177,0.0,1.0,0.0,1.0,0.0,0.0,0.0,40.400829953870485
0.008858625572833725,1.1941856527512802,-0.7231013775744309,1.519550636033907,-0.5173753932340899,-0.30779350562554625,-1.510069464544109,0.0,0.0,1.0,0.0,0.0,1.0,0.0,22.70197254309297
-1.4717247284456576,-0.22056968525186374,0.16553282561836188,-0.17872167458948565,-1.0155887348669173,-0.30779350562554625,1.476399806007319,0.0,0.0,1.0,0.0,0.0,1.0,0.0,44.78150920593387
-1.5780230205290364,-0.6921547979195785,1.3840642715192082,-1.3302120808381601,0.9772646316643921,-0.30779350562554625,-0.7370143155798293,1.0,0.0,0.0,0.0,0.0,1.0,0.0,20.900943296550217
-1.3654264363622788,0.015222871081993588,-0.05202962819361299,0.7129773610395201,-0.5173753932340899,-0.30779350562554625,1.0340240489717674,0.0,0.0,1.0,1.0,0.0,0.0,0.0,40.60640321489917
0.10756418250739981,0.48680798374970824,-1.1257376111704127,1.311679955592667,0.4790512900315648,-0.30779350562554625,0.573517157878252,1.0,0.0,0.0,0.0,0.0,0.0,1.0,53.21618977234384
0.6846120538171708,1.6657707654189948,-0.4265707145124088,-0.3293161126911502,0.9772646316643921,-0.30779350562554625,-1.2312293684636992,0.0,0.0,1.0,1.0,0.0,0.0,0.0,29.13275037905101
-0.02151231502241738,-1.163739910587293,0.9876484327492039,-0.15387037142262597,1.4754779732972196,-0.30779350562554625,0.1901063221243995,1.0,0.0,0.0,0.0,1.0,0.0,0.0,49.73890577263821
-0.5681892457369373,-0.4563622415857211,-1.1438612771559638,1.12486942725355,1.4754779732972196,-0.30779350562554625,1.170497278036776,0.0,1.0,0.0,0.0,1.0,0.0,0.0,39.56599547999189
-1.1148661764514571,1.6657707654189948,-0.8302758628934317,-1.4379998261320144,-0.5173753932340899,-0.30779350562554625,-0.6494394225224178,0.0,0.0,1.0,0.0,0.0,0.0,1.0,35.3277662869323
0.5175718805432897,-0.6921547979195785,-0.804418825740463,-1.414408765981946,-1.0155887348669173,-0.30779350562554625,-0.11230822741571023,0.0,0.0,1.0,0.0,0.0,1.0,0.0,36.52771738022135
0.441644529055162,-0.4563622415857211,-0.056982358537602106,1.5771461448440542,0.9772646316643921,-0.30779350562554625,0.5636033272954616,0.0,0.0,1.0,1.0,0.0,0.0,0.0,53.95318054042495
0.06200777161452316,-0.22056968525186374,1.1943908354588533,0.010531620120447975,0.9772646316643921,-0.30779350562554625,1.444122901520666,0.0,1.0,0.0,1.0,0.0,0.0,0.0,56.33180623621088
0.7301684647100475,1.1941856527512802,0.9461998483663095,-1.3941923871141846,-1.5138020764997446,-0.30779350562554625,-1.5051475350798713,0.0,1.0,0.0,0.0,1.0,0.0,0.0,35.1648102824776
-1.0617170304097676,-1.163739910587293,-0.2720719285481343,-1.3007949174769362,-0.5173753932340899,-0.30779350562554625,-0.07910945406476896,0.0,1.0,0.0,0.0,0.0,1.0,0.0,33.93092651340736
0.7681321404541114,1.4299782090851376,-0.884616308008796,0.7412453444135667,-1.0155887348669173,-0.30779350562554625,1.2717512898796943,0.0,1.0,0.0,0.0,1.0,0.0,0.0,64.14145442984353
1.185732573638814,-1.3995324669211504,3.144739612853293,0.21482154267181117,-0.019162051601262522,3.248931448269655,1.3337396873829688,0.0,1.0,0.0,0.0,1.0,0.0,0.0,64.0375468530945
-1.6159866962731004,-0.9279473542534358,-0.7026595348692779,-1.6090124815950693,1.4754779732972196,-0.30779350562554625,0.7999416082780334,0.0,0.0,1.0,0.0,0.0,1.0,0.0,27.93895927596876
0.9427650488768052,1.4299782090851376,0.23207684826907232,-0.9693963602067189,0.4790512900315648,-0.30779350562554625,-0.7527412395593174,0.0,1.0,0.0,1.0,0.0,0.0,0.0,44.28415666965992
-0.613745656629814,-0.6921547979195785,0.9566358472775657,-1.6356255105675865,-1.0155887348669173,-0.30779350562554625,-0.7338137608811879,1.0,0.0,0.0,1.0,0.0,0.0,0.0,35.34209405578293
-0.4011490724630562,0.2510154274158509,-0.33689518931559675,-0.14201811452009402,0.4790512900315648,-0.30779350562554625,0.5776517700324698,0.0,0.0,1.0,1.0,0.0,0.0,0.0,44.54682168878266
1.28443813057338,-0.22056968525186374,1.371251440654724,1.2271490436354864,-1.0155887348669173,-0.30779350562554625,0.3036102103098143,0.0,0.0,1.0,0.0,0.0,0.0,1.0,53.37611439523967
-0.006326844724791827,0.015222871081993588,0.12933543426180824,0.9532948520006942,0.9772646316643921,-0.30779350562554625,-0.646147200222405,0.0,1.0,0.0,1.0,0.0,0.0,0.0,32.08983493800963
0.9579505191744307,0.7226005400835656,0.0259313414424617,-0.4153850026943581,-1.5138020764997446,3.248931448269655,0.043383792639955655,1.0,0.0,0.0,0.0,0.0,1.0,0.0,56.19278606770315
-1.631172166570726,1.6657707654189948,-0.04636958752422181,1.0199867417559607,-1.0155887348669173,-0.30779350562554625,-1.0983106901651114,1.0,0.0,0.0,0.0,0.0,0.0,1.0,25.528963152127705
-0.48466915909999675,0.2510154274158509,0.5411159139586381,0.7678441042870363,0.9772646316643921,-0.30779350562554625,0.446754635838398,0.0,0.0,1.0,0.0,0.0,1.0,0.0,45.0669892006072
-0.15058881255223458,0.9583930964174229,-0.20756418999798704,-0.6572127836333813,-0.019162051601262522,-0.30779350562554625,0.9088430365209,0.0,1.0,0.0,0.0,0.0,1.0,0.0,48.27761435066501
-0.08225419621291959,-1.6353250232550078,-1.334802216421488,-0.6524472260370947,0.4790512900315648,-0.30779350562554625,0.431040135216413,0.0,0.0,1.0,0.0,0.0,1.0,0.0,41.86865817027412
0.4188663236087236,0.48680798374970824,1.0336769119078713,0.23330639441638898,-1.5138020764997446,-0.30779350562554625,1.1264513596841954,1.0,0.0,0.0,0.0,0.0,0.0,1.0,61.37539154422557
-0.20373795859392402,-1.6353250232550078,-1.4658404954580293,1.138723706794196,-0.019162051601262522,-0.30779350562554625,1.7462315357796447,0.0,0.0,1.0,0.0,0.0,1.0,0.0,53.115492559605926
0.1151569176562126,-1.3995324669211504,0.31899672354613035,1.2696033005336091,0.4790512900315648,-0.30779350562554625,-0.24103754882025377,0.0,1.0,0.0,0.0,0.0,1.0,0.0,41.49873003619349
-1.2515354091300872,1.6657707654189948,0.3781383278925475,-1.4763896714273665,0.9772646316643921,-0.30779350562554625,-1.2458897837506735,1.0,0.0,0.0,0.0,0.0,1.0,0.0,28.13151835691437
0.7377611998588602,0.2510154274158509,-1.0834447560713347,-1.4428305310353824,0.9772646316643921,-0.30779350562554625,0.8684177942337132,0.0,0.0,1.0,0.0,0.0,0.0,1.0,54.42268691041567
-0.84912044624301,0.9583930964174229,1.524820636660979,1.1686920551856215,0.9772646316643921,-0.30779350562554625,0.8383372137448423,0.0,0.0,1.0,0.0,0.0,0.0,1.0,44.89588389231312
1.1401761627459375,-1.6353250232550078,1.2476382287226835,0.8061761800242018,-1.5138020764997446,3.248931448269655,0.34289413547332015,0.0,0.0,1.0,0.0,0.0,1.0,0.0,55.95444716180847
0.5934992320314175,0.48680798374970824,1.44651149514729,-0.6228737287687084,0.9772646316643921,-0.30779350562554625,0.7584954602223476,1.0,0.0,0.0,0.0,1.0,0.0,0.0,50.27917828667118
-1.2515354091300872,0.48680798374970824,-0.12504454566525497,-0.4313918719826053,-1.0155887348669173,-0.30779350562554625,-0.6451263848989605,1.0,0.0,0.0,0.0,0.0,0.0,1.0,24.44965456041181
0.19867700429315313,-0.4563622415857211,0.5963541917134237,-1.2393321211596326,-1.5138020764997446,-0.30779350562554625,0.6931547908980346,0.0,1.0,0.0,1.0,0.0,0.0,0.0,47.765151636004006
1.3527727469126951,-0.4563622415857211,-0.8698398517180517,-0.5818095791673414,0.9772646316643921,-0.30779350562554625,0.9893008904174588,0.0,0.0,1.0,0.0,0.0,0.0,1.0,58.62991168637818
0.3657171775670342,0.015222871081993588,0.11809096678307889,-1.525894857086741,-1.0155887348669173,-0.30779350562554625,-0.873103849562112,0.0,0.0,1.0,1.0,0.0,0.0,0.0,35.18432837748322
-1.4641319932968448,-0.4563622415857211,1.238252190105397,0.7733567111374052,-0.5173753932340899,-0.30779350562554625,-0.9470271589833883,0.0,0.0,1.0,0.0,0.0,0.0,1.0,23.32765332887262
1.2388817196805035,0.015222871081993588,0.22469754807443323,-1.0775612389315634,0.4790512900315648,-0.30779350562554625,-1.306485053372564,0.0,0.0,1.0,0.0,0.0,0.0,1.0,44.47820964210439
-0.10503240165935791,0.015222871081993588,-1.3068815176078357,-0.9638690438995052,-1.5138020764997446,-0.30779350562554625,1.518917408047621,0.0,1.0,0.0,1.0,0.0,0.0,0.0,53.086193772870445
-0.6744875378203161,0.2510154274158509,0.8514895024692827,1.1330738809817338,1.4754779732972196,3.248931448269655,0.8585001970114975,0.0,0.0,1.0,0.0,0.0,1.0,0.0,56.36772278467056
0.2746043557812809,-1.6353250232550078,0.4479773183202356,1.1254011729694595,-1.0155887348669173,-0.30779350562554625,0.49818581652361804,0.0,0.0,1.0,0.0,0.0,0.0,1.0,38.22834940250373
0.19867700429315313,-0.6921547979195785,-3.135968037190211,-0.9153902316279658,1.4754779732972196,-0.30779350562554625,0.7519544212572087,0.0,1.0,0.0,0.0,0.0,1.0,0.0,47.53306062630596
1.0794342815554352,0.015222871081993588,0.4332077726073858,0.0873484402168108,0.4790512900315648,-0.30779350562554625,0.8663987263533531,0.0,0.0,1.0,1.0,0.0,0.0,0.0,55.85060923011986
1.1477688978947502,0.015222871081993588,-1.4655037467983725,-1.6170384105583147,1.4754779732972196,-0.30779350562554625,-0.08634624921984359,0.0,0.0,1.0,0.0,1.0,0.0,0.0,50.49974022207544
0.8440594919422391,1.1941856527512802,-0.1621271896622725,1.2037644955808218,0.9772646316643921,-0.30779350562554625,1.3427241687010016,1.0,0.0,0.0,0.0,0.0,1.0,0.0,60.14733985297889
-1.0920879710050189,0.2510154274158509,1.2697186501622921,1.0111730246766637,-0.5173753932340899,-0.30779350562554625,0.6140309512991637,0.0,0.0,1.0,1.0,0.0,0.0,0.0,33.040577710116835
3.0317163066939203,0.48680798374970824,-0.8178939693276704,0.6156349293487259,0.4790512900315648,-0.30779350562554625,0.05390378888201408,0.0,1.0,0.0,0.0,0.0,1.0,0.0,205.02305074269
-0.7428221541596312,-0.6921547979195785,-0.42536108437309667,-1.0959241622612936,-0.019162051601262522,-0.30779350562554625,-1.0417338191772147,1.0,0.0,0.0,0.0,0.0,0.0,1.0,19.25607904544409
-0.8870841219870739,1.1941856527512802,0.47817687646089035,0.6167143762884743,-0.019162051601262522,-0.30779350562554625,1.1117435481512636,0.0,1.0,0.0,1.0,0.0,0.0,0.0,37.58296477236034
-0.7883785650525078,0.015222871081993588,-1.1403470623986884,0.28686871982238543,-0.5173753932340899,-0.30779350562554625,-0.2886708535083845,0.0,0.0,1.0,1.0,0.0,0.0,0.0,21.98692898753428
-0.9554187383263888,-0.4563622415857211,0.11471763750323173,0.17909370711521633,-0.019162051601262522,-0.30779350562554625,0.8869681969233907,0.0,0.0,1.0,0.0,0.0,1.0,0.0,39.59379580090337
1.185732573638814,0.48680798374970824,0.2130853536268169,-1.3703270137948902,-0.019162051601262522,-0.30779350562554625,-0.7210442931234381,0.0,0.0,1.0,0.0,1.0,0.0,0.0,29.23523001760587
-0.08984693136173237,0.48680798374970824,-1.0056715807607741,0.9290172868726271,1.4754779732972196,-0.30779350562554625,1.3027862368714038,1.0,0.0,0.0,0.0,0.0,1.0,0.0,50.95635127596714
0.9883214597696819,0.7226005400835656,1.0624853695373966,0.4065443329219345,0.9772646316643921,-0.30779350562554625,1.5486524123272503,0.0,1.0,0.0,0.0,0.0,1.0,0.0,59.80524071793212
-0.5302255699928734,1.1941856527512802,0.782993273688401,0.5319431078130114,-0.019162051601262522,-0.30779350562554625,-0.023302318577379955,0.0,0.0,1.0,0.0,1.0,0.0,0.0,35.34613617702079
-0.9402332680287633,1.6657707654189948,1.147203731848248,-0.9857734635858723,-0.5173753932340899,-0.30779350562554625,0.37650208878870006,1.0,0.0,0.0,0.0,1.0,0.0,0.0,38.55908133960595
-1.160422587344334,0.48680798374970824,0.5110119043627801,-1.2805140883651795,-0.019162051601262522,-0.30779350562554625,0.8394569767814654,1.0,0.0,0.0,0.0,0.0,0.0,1.0,39.83027396080455
0.6238701726266686,0.48680798374970824,1.363513508450274,0.9002177527632523,-0.019162051601262522,-0.30779350562554625,1.2370043938317938,0.0,1.0,0.0,1.0,0.0,0.0,0.0,62.679084972593685
0.48720093994803865,-1.163739910587293,0.3612782037557761,-1.5081752885097208,-1.0155887348669173,3.248931448269655,-1.1417063811776758,0.0,0.0,1.0,0.0,1.0,0.0,0.0,33.99897622608657
-0.7959713002013206,1.6657707654189948,1.0001170067195482,0.9472216429425309,-1.5138020764997446,-0.30779350562554625,-0.7714125379499384,0.0,1.0,0.0,0.0,0.0,1.0,0.0,36.39223657498373
0.3125680315253448,0.2510154274158509,3.144739612853293,1.139360029741875,-0.019162051601262522,-0.30779350562554625,1.3289050139898462,0.0,0.0,1.0,0.0,0.0,1.0,0.0,50.38555888048062
3.0317163066939203,1.6657707654189948,-0.5131505159258367,-1.5317744555186992,-0.5173753932340899,3.248931448269655,-0.4965686448547822,0.0,0.0,1.0,0.0,0.0,1.0,0.0,246.35916925603053
-0.7276366838620055,1.6657707654189948,-0.4185735903503698,-0.6209397773142831,-1.5138020764997446,-0.30779350562554625,-1.516835254315588,1.0,0.0,0.0,0.0,0.0,0.0,1.0,31.955215407462436
0.3277535018229703,1.4299782090851376,-1.0933134437833134,-1.0786109977203653,-0.5173753932340899,-0.30779350562554625,1.3523375062936267,0.0,1.0,0.0,1.0,0.0,0.0,0.0,58.91165116629695
1.28443813057338,-0.9279473542534358,-0.4718762153392015,0.4660104240070425,-1.5138020764997446,-0.30779350562554625,-0.1408731814704062,0.0,0.0,1.0,0.0,0.0,0.0,1.0,48.04797046461184
-1.2667208794277127,0.9583930964174229,0.6490783415890052,0.48309366630770467,-1.0155887348669173,-0.30779350562554625,1.0978014574807922,1.0,0.0,0.0,0.0,0.0,1.0,0.0,53.008322732556536
0.13034238795383815,0.9583930964174229,-1.1282900155923292,0.25279057521027987,1.4754779732972196,3.248931448269655,-1.0884495737852378,0.0,0.0,1.0,1.0,0.0,0.0,0.0,48.77461260293183
0.28219709093009365,-0.22056968525186374,1.0178266613242641,0.17501032107831133,1.4754779732972196,-0.30779350562554625,1.0528339978266674,0.0,1.0,0.0,1.0,0.0,0.0,0.0,51.04679254827028
1.0035069300673074,0.015222871081993588,3.144739612853293,-1.302044530351836,1.4754779732972196,-0.30779350562554625,-1.5332097386120231,0.0,0.0,1.0,0.0,0.0,1.0,0.0,37.22588760016535
-0.8946768571358866,-1.6353250232550078,0.1581246433204456,-1.1593344117570727,0.4790512900315648,-0.30779350562554625,0.6355187738829277,0.0,0.0,1.0,0.0,1.0,0.0,0.0,36.24750311027058
-0.1809597531474857,0.2510154274158509,0.3457229176939553,-0.8139350486763769,0.4790512900315648,3.248931448269655,1.4948657480835996,0.0,0.0,1.0,0.0,0.0,0.0,1.0,55.46700493791375
-1.600801225975475,0.9583930964174229,-0.8955545649199561,1.4348243936602352,0.9772646316643921,-0.30779350562554625,-1.4353026749273252,0.0,0.0,1.0,0.0,0.0,0.0,1.0,23.12255785939849
-0.9706042086240144,0.2510154274158509,-0.5353839832330692,-1.7149861677205127,-0.5173753932340899,-0.30779350562554625,1.187751969498533,0.0,1.0,0.0,0.0,0.0,1.0,0.0,48.10629775919871
-0.135403342254609,0.7226005400835656,-0.7080674672691013,-1.7051560507577197,-1.5138020764997446,-0.30779350562554625,1.0710861452759195,0.0,1.0,0.0,0.0,1.0,0.0,0.0,56.623388536648456
0.950357784025618,-0.9279473542534358,0.021209096506776853,1.6086527843521312,0.4790512900315648,-0.30779350562554625,0.1435380087071552,0.0,0.0,1.0,0.0,1.0,0.0,0.0,49.70735267877991
0.04682230131689761,-0.6921547979195785,0.35845848243252015,1.4958404143590667,-1.5138020764997446,3.248931448269655,1.7695328496729117,0.0,0.0,1.0,0.0,0.0,1.0,0.0,60.55478273967968
-1.3122772903205893,0.48680798374970824,0.39366561040844666,1.3280305996680988,0.4790512900315648,-0.30779350562554625,0.21935519523810662,0.0,0.0,1.0,0.0,0.0,1.0,0.0,35.22022046492519
0.3429389721205959,-0.9279473542534358,-1.159387946987243,1.614737118010388,-0.019162051601262522,-0.30779350562554625,1.3226975125612963,0.0,0.0,1.0,1.0,0.0,0.0,0.0,52.931599282810026
1.3983291578055719,1.1941856527512802,-1.041891532476478,-0.1856270435898302,-0.5173753932340899,-0.30779350562554625,-1.1932373771473264,0.0,0.0,1.0,0.0,0.0,1.0,0.0,33.49011057841999
0.2746043557812809,-0.4563622415857211,-1.4153787491865295,0.2200544596827635,1.4754779732972196,-0.30779350562554625,-0.4257722000022998,0.0,0.0,1.0,1.0,0.0,0.0,0.0,39.03875440262127
-1.0693097655585806,0.48680798374970824,0.5833235792445354,0.0634790646291552,1.4754779732972196,-0.30779350562554625,-1.4396611623431566,0.0,0.0,1.0,1.0,0.0,0.0,0.0,21.42808367543482
-0.7883785650525078,1.4299782090851376,-0.7622206303235209,1.1210965974988234,-0.5173753932340899,-0.30779350562554625,0.48925030324926916,1.0,0.0,0.0,0.0,0.0,1.0,0.0,35.660235519048264
1.2920308657221928,1.4299782090851376,-0.7758071112030058,0.42982125081889233,-1.5138020764997446,-0.30779350562554625,-0.7705839729173036,0.0,0.0,1.0,1.0,0.0,0.0,0.0,39.3342292288104
-1.160422587344334,1.6657707654189948,0.6414271797120896,-0.6679594451415595,-0.019162051601262522,-0.30779350562554625,1.1030893891992246,0.0,1.0,0.0,0.0,0.0,0.0,1.0,42.44814334712834
-1.0237533546657038,-1.163739910587293,1.1149700320358116,0.19906218666013717,-1.5138020764997446,-0.30779350562554625,-1.2482836124725534,0.0,0.0,1.0,0.0,0.0,1.0,0.0,26.918810911007085
-0.029105050171230155,-1.6353250232550078,0.44924290932114924,0.4072100476296544,-1.5138020764997446,-0.30779350562554625,-0.21224798435898667,0.0,0.0,1.0,0.0,0.0,1.0,0.0,45.20482819966046
-0.19614522344511123,-0.4563622415857211,1.5589815069154478,-0.43855752690983285,1.4754779732972196,-0.30779350562554625,0.640123567143648,1.0,0.0,0.0,0.0,1.0,0.0,0.0,44.97120795281349
0.8668376973886774,-1.6353250232550078,-1.1751514787684998,-1.2388987126874216,0.9772646316643921,-0.30779350562554625,1.2799875091360733,0.0,0.0,1.0,0.0,0.0,1.0,0.0,55.86183591998376
-1.2363499388324615,-1.3995324669211504,-1.1318282677674127,0.6360837999376593,0.4790512900315648,-0.30779350562554625,-0.3632606526145425,0.0,0.0,1.0,0.0,0.0,0.0,1.0,26.745208960661795
-0.5454110402904989,1.1941856527512802,0.4235005164847749,1.5833144419574667,0.4790512900315648,-0.30779350562554625,1.5123149542696117,0.0,1.0,0.0,0.0,0.0,1.0,0.0,54.537390589836335
0.8440594919422391,-1.6353250232550078,1.5220430134393945,-0.31590092236963013,-0.5173753932340899,-0.30779350562554625,0.059014041621390075,0.0,0.0,1.0,0.0,0.0,1.0,0.0,48.93508461708752
-1.0617170304097676,-0.22056968525186374,-1.150643755944985,1.510022204021045,1.4754779732972196,-0.30779350562554625,1.2238164681992583,0.0,0.0,1.0,1.0,0.0,0.0,0.0,41.755480088143145
3.0317163066939203,-0.9279473542534358,-0.3526548387773683,0.4984299483250258,0.9772646316643921,-0.30779350562554625,-1.4168969051734026,1.0,0.0,0.0,0.0,0.0,1.0,0.0,170.34777416172813
-0.19614522344511123,-1.3995324669211504,-0.6707898334613343,-1.1890144167284207,-0.5173753932340899,3.248931448269655,-0.32659459808038493,0.0,0.0,1.0,0.0,0.0,1.0,0.0,55.40461127186045
0.6542411132219197,0.7226005400835656,0.5072135548398052,0.5540141910728418,-0.019162051601262522,-0.30779350562554625,1.3508585877863746,1.0,0.0,0.0,0.0,0.0,1.0,0.0,54.428789028400345
-1.2135717333860232,-1.6353250232550078,-0.5253086401718406,-1.5580123094277258,-0.5173753932340899,-0.30779350562554625,0.6803925994552508,1.0,0.0,0.0,0.0,1.0,0.0,0.0,38.640989924861
0.5934992320314175,-1.3995324669211504,1.0468947678294374,-0.5035368427753226,0.9772646316643921,-0.30779350562554625,-0.008047112531236895,0.0,0.0,1.0,0.0,0.0,0.0,1.0,40.94928373978302
-1.2439426739812744,-0.6921547979195785,-1.3463788575314002,1.4298616006546772,-1.5138020764997446,-0.30779350562554625,-0.34114164780494,0.0,0.0,1.0,0.0,0.0,1.0,0.0,35.92480229513707
-0.57578198088575,1.6657707654189948,-0.7333272794403152,-0.9293936394255379,-0.5173753932340899,-0.30779350562554625,0.8432113808951155,1.0,0.0,0.0,0.0,0.0,1.0,0.0,42.2004241450464
-1.3046845551717765,1.1941856527512802,0.4392932219011155,0.6847983822195209,0.9772646316643921,-0.30779350562554625,0.07599394795709138,0.0,0.0,1.0,0.0,0.0,1.0,0.0,32.83440122472783
-0.27966531008205175,1.4299782090851376,0.5225748567063416,0.22491373146269958,-0.5173753932340899,-0.30779350562554625,-1.0394097624540488,0.0,0.0,1.0,0.0,0.0,0.0,1.0,40.81646090811424
-1.1376443818978954,1.6657707654189948,-1.0322744417549612,0.7641367264307678,1.4754779732972196,-0.30779350562554625,-1.3687050912385315,1.0,0.0,0.0,0.0,1.0,0.0,0.0,34.46968384941936
-0.006326844724791827,1.4299782090851376,-0.8870909090655846,-1.3666421809296432,-1.5138020764997446,-0.30779350562554625,-1.240115334602043,1.0,0.0,0.0,0.0,0.0,1.0,0.0,29.955870306642534
-1.5856157556778492,0.48680798374970824,-0.5225995480861675,1.1933791728223908,0.9772646316643921,-0.30779350562554625,-1.0507880992634153,0.0,0.0,1.0,0.0,0.0,1.0,0.0,19.1849957995652
0.3353462369717831,-0.4563622415857211,-3.135968037190211,1.2525504277525168,-1.0155887348669173,-0.30779350562554625,1.5803553225493003,0.0,0.0,1.0,0.0,0.0,1.0,0.0,70.47233890752912
-0.9326405328799505,-1.6353250232550078,-0.9360574660071928,-1.031511816647107,0.9772646316643921,-0.30779350562554625,-0.9014600978824057,0.0,1.0,0.0,0.0,0.0,1.0,0.0,26.549289822112016
0.4340517939063492,1.1941856527512802,1.1289158141956983,0.2948366301946561,1.4754779732972196,-0.30779350562554625,0.9077650837658376,0.0,0.0,1.0,0.0,0.0,1.0,0.0,49.34746479792479
0.6618338483707324,-0.9279473542534358,1.0260784422500984,-1.4829508548389536,-1.0155887348669173,-0.30779350562554625,0.7190651506784895,1.0,0.0,0.0,0.0,0.0,1.0,0.0,40.63287406925743
-0.6820802729691289,-1.6353250232550078,1.478779585308067,-1.4150527424755397,1.4754779732972196,-0.30779350562554625,0.8191124477720026,0.0,1.0,0.0,0.0,0.0,1.0,0.0,35.83680157884877
-1.388204641808717,0.48680798374970824,-1.2509452719417156,-0.9164167045707409,0.4790512900315648,-0.30779350562554625,-1.5772522417871186,0.0,1.0,0.0,1.0,0.0,0.0,0.0,27.580877294803276
-0.6668948026715034,-1.3995324669211504,-0.7029531140721096,1.6521706813498203,-0.019162051601262522,-0.30779350562554625,0.338250199281091,1.0,0.0,0.0,1.0,0.0,0.0,0.0,36.31985707702058
-0.917455062582325,-0.6921547979195785,-0.9455053760372454,-1.5250627174089988,-0.5173753932340899,-0.30779350562554625,0.8477640407711142,0.0,0.0,1.0,0.0,0.0,0.0,1.0,42.908674450585394
1.1325834275971245,0.9583930964174229,1.5312815648655762,1.2162251087044949,-0.5173753932340899,-0.30779350562554625,1.5264013969088812,0.0,0.0,1.0,1.0,0.0,0.0,0.0,58.57742180728891
-0.4239272779094945,0.48680798374970824,1.1875822687163187,1.080996645736012,1.4754779732972196,-0.30779350562554625,-1.4708551753473436,0.0,1.0,0.0,0.0,0.0,1.0,0.0,25.552157007640037
-0.2417016343379879,0.015222871081993588,0.19612599797448974,1.4625818187083688,-0.5173753932340899,3.248931448269655,0.9084654885595571,1.0,0.0,0.0,1.0,0.0,0.0,0.0,59.008219202039925
0.25182615033484257,-1.163739910587293,1.4861792634156934,1.598147314246012,1.4754779732972196,-0.30779350562554625,-0.5719236352000928,0.0,0.0,1.0,1.0,0.0,0.0,0.0,43.31353963662757
-0.7883785650525078,-0.22056968525186374,1.1896464427837028,-0.5949839205701538,1.4754779732972196,-0.30779350562554625,-0.6495556369862163,0.0,0.0,1.0,1.0,0.0,0.0,0.0,29.372179067020284
1.2464744548293163,-0.6921547979195785,-0.009181327768987842,1.261463071422215,-1.0155887348669173,-0.30779350562554625,-0.6470832358855324,0.0,1.0,0.0,0.0,0.0,0.0,1.0,42.23319998951513
0.15312059340027648,0.7226005400835656,-3.135968037190211,1.2550817724187058,-1.0155887348669173,-0.30779350562554625,0.9009641615570922,1.0,0.0,0.0,0.0,0.0,1.0,0.0,52.082864328960746
1.0338778706625584,0.9583930964174229,-0.6179358687660885,0.3962382644973969,0.9772646316643921,-0.30779350562554625,-1.3235764576476534,0.0,0.0,1.0,0.0,0.0,1.0,0.0,35.60112292648284
1.0110996652161202,1.6657707654189948,1.320878890579788,-0.1702713465919414,0.9772646316643921,-0.30779350562554625,0.8408158443528657,0.0,0.0,1.0,0.0,0.0,1.0,0.0,63.98236563870466
-1.357833701213466,-1.6353250232550078,0.6938241284210365,-1.4228097913932123,1.4754779732972196,-0.30779350562554625,1.0507519207844438,0.0,0.0,1.0,0.0,0.0,1.0,0.0,31.934274118320666
0.5251646156921025,1.1941856527512802,-0.7793007125873201,1.4568784168947346,1.4754779732972196,-0.30779350562554625,-0.7368656324301027,0.0,1.0,0.0,1.0,0.0,0.0,0.0,42.926377891912566
0.8288740216446135,0.7226005400835656,1.135635100529715,0.17364023145231314,-0.5173753932340899,-0.30779350562554625,-1.4046443149461023,0.0,0.0,1.0,0.0,1.0,0.0,0.0,33.79925610780536
-1.2515354091300872,0.48680798374970824,-0.1216262770483327,-0.4313918719826053,-1.0155887348669173,-0.30779350562554625,-0.6451263848989605,1.0,0.0,0.0,0.0,0.0,0.0,1.0,24.44965456041181
0.37330991271584696,1.4299782090851376,-0.5698801402951604,0.17192907273560787,0.4790512900315648,-0.30779350562554625,-0.6867712401612025,0.0,0.0,1.0,0.0,0.0,0.0,1.0,29.33196914104916
-1.1148661764514571,0.48680798374970824,0.789214795144175,1.4165957307204804,-1.0155887348669173,-0.30779350562554625,-1.244223116015562,0.0,1.0,0.0,0.0,1.0,0.0,0.0,23.751921841598627
1.1781398384900013,-0.6921547979195785,0.49498902376965354,1.3817193251069428,0.4790512900315648,-0.30779350562554625,0.16150067249931885,0.0,0.0,1.0,1.0,0.0,0.0,0.0,57.92568114492289
-0.8339349759453845,0.7226005400835656,1.0078070501372294,1.432390333053942,1.4754779732972196,-0.30779350562554625,-0.8696189484380416,0.0,0.0,1.0,1.0,0.0,0.0,0.0,27.955688633689025
-1.2667208794277127,-0.9279473542534358,-0.8749703406487908,0.0633465581107272,-0.5173753932340899,-0.30779350562554625,-1.2973985634889906,0.0,0.0,1.0,0.0,0.0,1.0,0.0,33.34149368820972
-0.06706872591529403,-1.163739910587293,1.3862118578295923,1.046801221599693,0.4790512900315648,-0.30779350562554625,-0.6188698368535479,0.0,1.0,0.0,0.0,0.0,0.0,1.0,36.61806785329181
0.2746043557812809,-1.3995324669211504,0.6041489900905701,-0.7425530866072151,-1.0155887348669173,-0.30779350562554625,0.18478090374418105,0.0,1.0,0.0,1.0,0.0,0.0,0.0,53.737338828829074
1.018692400364933,-1.3995324669211504,0.9378397526650967,1.36902627304603,-0.019162051601262522,-0.30779350562554625,-0.7065007810893281,0.0,0.0,1.0,0.0,0.0,0.0,1.0,37.53633783024077
0.09237871220977427,-0.4563622415857211,0.3373536742791792,-1.657722279287411,-0.019162051601262522,-0.30779350562554625,-1.0564688476620971,0.0,1.0,0.0,0.0,0.0,1.0,0.0,33.67694826371649
1.1477688978947502,-0.4563622415857211,-1.1516261963438819,-1.6797431874831663,-1.5138020764997446,-0.30779350562554625,0.7953725908044438,0.0,1.0,0.0,1.0,0.0,0.0,0.0,46.14603048530385
-0.6061529214810012,-1.6353250232550078,0.7066396928545445,0.5702685670517575,-0.5173753932340899,-0.30779350562554625,-0.26804881199736885,0.0,0.0,1.0,1.0,0.0,0.0,0.0,37.03081829399744
-1.1680153224931467,-0.22056968525186374,1.190845675564143,-0.19745593349600823,1.4754779732972196,-0.30779350562554625,-1.378482487074493,0.0,0.0,1.0,0.0,0.0,1.0,0.0,17.199561537947268
-0.7731930947548822,-0.6921547979195785,0.2854483002435596,1.6073066119091735,0.9772646316643921,-0.30779350562554625,0.4680028468325033,0.0,0.0,1.0,0.0,0.0,0.0,1.0,45.4967963911774
-0.24929436948680067,1.6657707654189948,-1.41512620780973,0.2547358390311608,-1.5138020764997446,-0.30779350562554625,-1.5030435663681987,1.0,0.0,0.0,0.0,0.0,1.0,0.0,29.899607897785632
0.03163683101927205,1.1941856527512802,-1.020113478745985,-0.09076400589415992,-1.0155887348669173,-0.30779350562554625,-0.6287626275049719,0.0,0.0,1.0,0.0,1.0,0.0,0.0,29.389676945212145
-1.5324666096361599,0.7226005400835656,0.820256310747133,0.9891663947346525,-1.0155887348669173,3.248931448269655,0.8945183316196957,0.0,0.0,1.0,0.0,0.0,1.0,0.0,53.279633705163626
-0.4011490724630562,-1.3995324669211504,0.5422579071368329,-0.4471105052631815,-1.5138020764997446,-0.30779350562554625,0.4022339364088697,0.0,0.0,1.0,0.0,0.0,0.0,1.0,38.90545265324258
0.5251646156921025,0.2510154274158509,-0.17727250341226108,0.7868143994451147,-1.0155887348669173,-0.30779350562554625,-0.8208029086308183,0.0,0.0,1.0,0.0,0.0,0.0,1.0,30.53759908593107
0.9655432543232435,1.4299782090851376,-0.7618808035221625,0.05854377702124332,0.4790512900315648,-0.30779350562554625,1.1618352631655946,0.0,0.0,1.0,0.0,0.0,1.0,0.0,62.60608510854583
-0.1809597531474857,-1.163739910587293,-0.44965086695884837,0.9400712874036975,-0.5173753932340899,3.248931448269655,-0.0317806933492476,1.0,0.0,0.0,0.0,1.0,0.0,0.0,40.29201360142895
-0.6820802729691289,0.2510154274158509,1.439800749651259,1.3426482801673132,-0.5173753932340899,-0.30779350562554625,-0.8757014701863748,0.0,0.0,1.0,0.0,0.0,1.0,0.0,20.47811608116601
-0.6668948026715034,-0.9279473542534358,1.0814686846448256,-0.3258510208451417,-1.0155887348669173,-0.30779350562554625,-0.7962582971697476,0.0,0.0,1.0,0.0,0.0,1.0,0.0,27.46176944947142
0.813688551346988,0.48680798374970824,0.45374767749939193,0.4196309199188315,0.9772646316643921,-0.30779350562554625,-0.5564960514565442,0.0,0.0,1.0,0.0,0.0,1.0,0.0,41.668751922861
-0.8718986516894484,0.48680798374970824,-0.6519455840987267,0.2537490087972759,-1.5138020764997446,-0.30779350562554625,-1.6347955380845751,0.0,1.0,0.0,0.0,0.0,1.0,0.0,22.093610708457952
-0.135403342254609,-0.4563622415857211,0.5050604668608457,1.0887124667542312,-1.5138020764997446,-0.30779350562554625,-0.04560474722343124,0.0,0.0,1.0,0.0,0.0,1.0,0.0,44.15698435866615
3.0317163066939203,0.9583930964174229,-0.7327466080175464,0.43955589734368716,-0.019162051601262522,-0.30779350562554625,-0.052670757143198084,0.0,0.0,1.0,1.0,0.0,0.0,0.0,185.69433254181237
3.0317163066939203,-0.9279473542534358,-0.3338114121155791,0.4984299483250258,0.9772646316643921,-0.30779350562554625,-1.4168969051734026,1.0,0.0,0.0,0.0,0.0,1.0,0.0,170.34777416172813
-0.5530037754393117,-1.163739910587293,-0.024612175223291812,-0.8507867138348877,1.4754779732972196,-0.30779350562554625,-1.6877122945816798,0.0,0.0,1.0,0.0,0.0,0.0,1.0,27.739594658424892
-1.1680153224931467,-0.6921547979195785,-0.627168676897096,-0.0925786714709097,-1.0155887348669173,-0.30779350562554625,-1.243606263009732,0.0,1.0,0.0,0.0,1.0,0.0,0.0,19.029016240724307
-0.40874180761186896,0.9583930964174229,1.1020983245717084,-1.0928954068222447,-1.0155887348669173,-0.30779350562554625,1.1805647181678065,0.0,0.0,1.0,0.0,0.0,1.0,0.0,48.30380463938802
0.37330991271584696,0.015222871081993588,1.5095641640359467,0.04742384423419296,-1.5138020764997446,-0.30779350562554625,-0.5335339904486976,0.0,0.0,1.0,0.0,0.0,1.0,0.0,48.04887711443829
-1.2439426739812744,1.6657707654189948,0.517195905097763,-1.0010155712356246,0.9772646316643921,-0.30779350562554625,1.2389693418946115,0.0,0.0,1.0,0.0,0.0,0.0,1.0,51.28765189113656
-1.084495235856206,-0.4563622415857211,-0.9602697109731076,-0.9493214382524363,-0.5173753932340899,-0.30779350562554625,1.7617794961483855,0.0,0.0,1.0,0.0,0.0,1.0,0.0,39.17646466833136
-0.26447983978442624,0.7226005400835656,0.1056041984906995,0.4224050614135194,-0.019162051601262522,-0.30779350562554625,0.34511736067256704,0.0,0.0,1.0,0.0,0.0,0.0,1.0,43.303637667847504
-1.3806119066599043,-1.163739910587293,-0.5933507088063352,-1.4957835361934333,-0.5173753932340899,-0.30779350562554625,-1.4798319820094323,0.0,1.0,0.0,0.0,1.0,0.0,0.0,20.0748656067004
-0.47707642395118394,-0.4563622415857211,-0.4527734131997034,1.3869329565328796,1.4754779732972196,-0.30779350562554625,-0.99945286443248,0.0,1.0,0.0,0.0,0.0,1.0,0.0,20.064183716284045
0.3657171775670342,-1.3995324669211504,-0.017511154473181988,0.9117326107859428,0.4790512900315648,-0.30779350562554625,0.7710424785633324,0.0,0.0,1.0,1.0,0.0,0.0,0.0,44.14709184987851
-0.8263422407965717,-0.22056968525186374,-0.7771486912703518,0.7797057937963505,-1.0155887348669173,-0.30779350562554625,-0.3765691377436306,1.0,0.0,0.0,0.0,0.0,1.0,0.0,32.44114132276269
-1.631172166570726,0.7226005400835656,0.8102562055674225,-1.6936714395239332,0.9772646316643921,-0.30779350562554625,-0.8813832656290929,1.0,0.0,0.0,0.0,0.0,1.0,0.0,20.364564228929552
0.9427650488768052,1.4299782090851376,-0.9441769297820368,-0.35451177347035906,0.9772646316643921,-0.30779350562554625,-1.0334754427348338,0.0,0.0,1.0,0.0,1.0,0.0,0.0,31.35051086313817
-0.4922618942488095,1.1941856527512802,0.8037548151162414,0.5554199710932548,1.4754779732972196,-0.30779350562554625,0.4639847145215102,0.0,0.0,1.0,0.0,0.0,1.0,0.0,41.59604746806248
0.2973825612277192,0.7226005400835656,0.32351184318676285,-0.23797843156887918,1.4754779732972196,-0.30779350562554625,0.1134946250639987,0.0,0.0,1.0,0.0,0.0,1.0,0.0,43.078879896854815
0.03163683101927205,-1.6353250232550078,0.6495396295336179,-0.4345253349012331,-1.5138020764997446,-0.30779350562554625,-0.8058079115170139,0.0,0.0,1.0,0.0,0.0,1.0,0.0,33.416306588184824
-0.19614522344511123,1.1941856527512802,1.1369740164842586,-0.31577082575579407,-1.0155887348669173,3.248931448269655,1.3870464760407835,0.0,0.0,1.0,1.0,0.0,0.0,0.0,51.957958707646426
0.9427650488768052,0.7226005400835656,-0.08223210543630864,-1.1431928737219537,-1.5138020764997446,-0.30779350562554625,1.101385767396927,0.0,0.0,1.0,0.0,0.0,1.0,0.0,64.14623086107923
-0.9554187383263888,-0.22056968525186374,-0.2565541892439662,1.6680916337493523,-1.0155887348669173,3.248931448269655,0.02762524345487266,0.0,0.0,1.0,1.0,0.0,0.0,0.0,46.17698662709352
0.0164513607216465,0.2510154274158509,1.2321024057619852,-0.15537108385814688,0.9772646316643921,3.248931448269655,0.43197670300784335,0.0,0.0,1.0,0.0,0.0,0.0,1.0,46.93456143553215
0.8288740216446135,-0.6921547979195785,1.0180379504201476,0.7348146291469405,1.4754779732972196,-0.30779350562554625,-1.1222476883339976,0.0,0.0,1.0,1.0,0.0,0.0,0.0,36.67830715880232
0.2746043557812809,0.015222871081993588,-0.2714684683511829,-0.07043374706098851,-0.019162051601262522,-0.30779350562554625,1.6561079557839833,0.0,0.0,1.0,1.0,0.0,0.0,0.0,51.94607399547407
0.5327573508409152,0.48680798374970824,1.4266917647358244,-0.6370512493158479,1.4754779732972196,-0.30779350562554625,-0.17612247349611362,0.0,0.0,1.0,0.0,0.0,1.0,0.0,44.72746940426555
0.7757248756029241,-1.163739910587293,-0.15154746115039036,-0.3556732943959395,-0.5173753932340899,-0.30779350562554625,1.2757920640795117,1.0,0.0,0.0,0.0,0.0,0.0,1.0,60.41570084963234
-1.160422587344334,-1.6353250232550078,0.859561399298727,-0.36400499343617615,-1.0155887348669173,3.248931448269655,0.5080320305012803,0.0,0.0,1.0,0.0,0.0,1.0,0.0,52.61739096948755
-1.2515354091300872,-1.3995324669211504,0.348959378353165,-1.320401005976523,0.9772646316643921,-0.30779350562554625,-1.2077830037445099,0.0,1.0,0.0,0.0,0.0,1.0,0.0,23.314972141368774
0.6466483780731069,-1.6353250232550078,-0.5139740924800744,1.3374799640877368,0.4790512900315648,-0.30779350562554625,-0.04768740226707022,0.0,1.0,0.0,0.0,0.0,0.0,1.0,39.90316811028982
0.28219709093009365,0.015222871081993588,-0.039510426587465605,-0.35952435347595463,-0.019162051601262522,-0.30779350562554625,1.1880973442259815,0.0,0.0,1.0,0.0,0.0,0.0,1.0,52.869761758372256
0.9807287246208691,-1.6353250232550078,0.7971481503828094,1.3259654577525364,-1.5138020764997446,-0.30779350562554625,-0.8233844156309551,0.0,0.0,1.0,0.0,0.0,1.0,0.0,37.41623060587887
-0.5454110402904989,-0.4563622415857211,-1.3620017649259608,1.0899828090894548,-1.0155887348669173,-0.30779350562554625,-0.7290912706261212,0.0,1.0,0.0,0.0,1.0,0.0,0.0,20.835739174543814
-1.562837550231411,0.2510154274158509,-0.5121385818814467,1.3504909993476164,0.4790512900315648,-0.30779350562554625,-0.8272608275870877,0.0,0.0,1.0,0.0,0.0,0.0,1.0,29.94626323403256
1.1325834275971245,-0.6921547979195785,1.328844312907786,0.38548416784774076,0.9772646316643921,-0.30779350562554625,-1.3180098541415621,1.0,0.0,0.0,1.0,0.0,0.0,0.0,44.96087927845948
3.0317163066939203,-0.9279473542534358,-0.4952618903469112,-0.45452397289887303,-1.5138020764997446,-0.30779350562554625,-1.545624654678318,1.0,0.0,0.0,1.0,0.0,0.0,0.0,170.5549474346081
-0.4239272779094945,0.2510154274158509,-0.10774797801088234,-0.4177961417165763,-0.5173753932340899,-0.30779350562554625,1.7193663752121395,0.0,0.0,1.0,0.0,1.0,0.0,0.0,53.34518577593335
0.47960820479922583,0.015222871081993588,-1.1891170020560642,0.42727520687331483,0.9772646316643921,-0.30779350562554625,1.0948153039236668,0.0,0.0,1.0,0.0,0.0,1.0,0.0,51.05801765836502
1.2009180439364395,-0.9279473542534358,-0.9820750508427722,-1.7210971403583184,-0.019162051601262522,-0.30779350562554625,-0.5407502623680323,0.0,0.0,1.0,1.0,0.0,0.0,0.0,43.03745323751748
-0.26447983978442624,1.4299782090851376,-0.1903346803784379,0.9267528081332638,-1.5138020764997446,3.248931448269655,-0.9794298402189232,1.0,0.0,0.0,0.0,1.0,0.0,0.0,53.59927450876711
-1.2363499388324615,0.48680798374970824,-3.135968037190211,1.223032276701177,-1.5138020764997446,-0.30779350562554625,-1.455250303599291,0.0,0.0,1.0,0.0,1.0,0.0,0.0,30.17570890003757
-1.4793174635944704,-0.22056968525186374,0.20718215464763468,-0.865051113579294,0.4790512900315648,-0.30779350562554625,-0.9322486292365704,1.0,0.0,0.0,0.0,0.0,1.0,0.0,29.371950829934622
0.35053170726940863,-1.3995324669211504,0.9028062150919671,-0.26571552179922053,-0.019162051601262522,-0.30779350562554625,1.4112729512043887,1.0,0.0,0.0,1.0,0.0,0.0,0.0,53.18131418805862
0.2973825612277192,-0.9279473542534358,-0.2833174039678365,0.5740554708713805,-1.5138020764997446,-0.30779350562554625,-0.7941190881970918,0.0,0.0,1.0,0.0,1.0,0.0,0.0,29.77714463042641
-0.31762898582611565,-0.22056968525186374,1.3046700061860206,1.334580771853207,1.4754779732972196,-0.30779350562554625,0.6038333594135019,0.0,1.0,0.0,0.0,0.0,1.0,0.0,50.764192485014505
0.7757248756029241,-0.22056968525186374,-0.6136448765518856,1.0581167592044975,-0.5173753932340899,3.248931448269655,1.1522546142227588,0.0,0.0,1.0,0.0,0.0,1.0,0.0,64.78060166834366
0.5327573508409152,0.7226005400835656,1.3725900788423238,-0.16982449829100946,0.9772646316643921,-0.30779350562554625,-1.483590308882375,0.0,0.0,1.0,0.0,0.0,1.0,0.0,31.256635833099743
0.236640680037217,1.1941856527512802,0.041318910659916414,1.4345523319921611,-1.0155887348669173,3.248931448269655,-0.3127541619907042,0.0,0.0,1.0,0.0,0.0,1.0,0.0,56.65785032273703
-0.6289311269274395,0.015222871081993588,-0.8789288273319779,-0.6167895229015616,-1.5138020764997446,-0.30779350562554625,0.44009419518054793,0.0,0.0,1.0,0.0,0.0,1.0,0.0,36.70950335288342
0.3125680315253448,0.015222871081993588,-1.1001861165500155,-0.9963019406044257,0.4790512900315648,-0.30779350562554625,0.19654480113759393,1.0,0.0,0.0,0.0,0.0,0.0,1.0,38.24300544431093
-0.2948507803796773,0.7226005400835656,-0.7851176954424853,-1.3579797106921347,-0.5173753932340899,-0.30779350562554625,1.7064311065368007,1.0,0.0,0.0,0.0,1.0,0.0,0.0,51.83170663911999
0.4947936750968514,-1.163739910587293,-1.1854314386834293,-1.705252070503754,-0.019162051601262522,-0.30779350562554625,-0.1211309976142318,0.0,0.0,1.0,1.0,0.0,0.0,0.0,32.77750556409924
-0.5150400996952478,1.6657707654189948,-3.135968037190211,-0.46949575863931664,1.4754779732972196,3.248931448269655,-1.1295914968564404,1.0,0.0,0.0,1.0,0.0,0.0,0.0,42.5817282173251
-1.0009751492192656,-0.9279473542534358,1.334876629080846,1.3219810437098294,-0.5173753932340899,-0.30779350562554625,0.1623575557264535,0.0,0.0,1.0,0.0,1.0,0.0,0.0,36.35079061729738
-0.5454110402904989,-0.9279473542534358,0.7335914975479639,-1.1560142030944596,-1.5138020764997446,-0.30779350562554625,0.8385824936344736,0.0,0.0,1.0,0.0,0.0,1.0,0.0,43.91170488567292
-0.9706042086240144,0.2510154274158509,-0.4853064929849572,-1.7149861677205127,-0.5173753932340899,-0.30779350562554625,1.187751969498533,0.0,1.0,0.0,0.0,0.0,1.0,0.0,48.10629775919871
1.3299945414662568,0.015222871081993588,-0.5279918367211699,-1.6135609683081293,-0.5173753932340899,-0.30779350562554625,1.5456808226508172,0.0,0.0,1.0,1.0,0.0,0.0,0.0,66.90638706394775
1.2768453954245673,-0.22056968525186374,0.3286624857514825,-0.05831458728723508,1.4754779732972196,-0.30779350562554625,0.7301110602103119,0.0,0.0,1.0,1.0,0.0,0.0,0.0,43.07012119080947
-1.221164468534836,0.7226005400835656,0.3223641319419514,-0.3255594962553246,-0.019162051601262522,-0.30779350562554625,1.071170842066341,0.0,0.0,1.0,0.0,0.0,0.0,1.0,30.73856136286934
0.2746043557812809,-0.6921547979195785,-0.9015098011815718,0.08044105612538036,1.4754779732972196,-0.30779350562554625,1.6506913106258736,0.0,0.0,1.0,0.0,0.0,0.0,1.0,53.65759396965824
1.1022124870018735,0.7226005400835656,0.8160443815797465,1.29212551869429,-1.5138020764997446,-0.30779350562554625,1.5500986440564597,0.0,0.0,1.0,0.0,1.0,0.0,0.0,65.15092726040436
1.2464744548293163,-1.3995324669211504,0.2817825976019122,-1.0462240620885803,0.4790512900315648,-0.30779350562554625,-1.146732677124995,0.0,0.0,1.0,1.0,0.0,0.0,0.0,38.4445478919622
0.9883214597696819,-0.4563622415857211,-0.12008742259677917,1.0145483253893515,-0.019162051601262522,-0.30779350562554625,0.5702227158292095,1.0,0.0,0.0,0.0,0.0,0.0,1.0,53.48801722590407
0.745353935007673,-1.3995324669211504,-0.9368362132003298,1.3421395667863447,-0.019162051601262522,-0.30779350562554625,0.8675837178474687,0.0,0.0,1.0,1.0,0.0,0.0,0.0,51.13027259648881
0.7757248756029241,1.6657707654189948,0.5549414637849475,-0.11271543979419073,0.4790512900315648,-0.30779350562554625,1.0245126756027847,0.0,0.0,1.0,0.0,0.0,1.0,0.0,61.54448440849238
0.9959141949184946,-1.6353250232550078,0.5917006592197954,-1.377590472941137,0.4790512900315648,-0.30779350562554625,0.8066033015206306,0.0,0.0,1.0,1.0,0.0,0.0,0.0,46.16071856272219
-0.48466915909999675,0.2510154274158509,-1.4418713251292568,1.6415859591918815,1.4754779732972196,-0.30779350562554625,-1.4935477420552685,0.0,0.0,1.0,0.0,1.0,0.0,0.0,24.31635115807747
0.6618338483707324,-0.22056968525186374,-0.3497059552401668,-1.187652458881163,0.9772646316643921,-0.30779350562554625,-0.1592571263653984,0.0,0.0,1.0,0.0,0.0,1.0,0.0,40.62244911841924
0.5479428211385409,-0.22056968525186374,-0.9424284196111706,1.2243666689818509,-0.019162051601262522,-0.30779350562554625,1.3849807535027865,1.0,0.0,0.0,0.0,0.0,0.0,1.0,52.408320385356205
0.28219709093009365,0.015222871081993588,1.3855138193309373,1.015250647816294,0.9772646316643921,-0.30779350562554625,-1.3048863990448925,0.0,0.0,1.0,0.0,1.0,0.0,0.0,42.43779828553889
-0.5454110402904989,1.6657707654189948,-0.7725602119350191,0.07926948120009512,-1.0155887348669173,-0.30779350562554625,0.9639872956246591,0.0,1.0,0.0,1.0,0.0,0.0,0.0,47.65382663172371
0.3277535018229703,-0.22056968525186374,0.39863217551801666,-0.4005750906706235,-0.019162051601262522,-0.30779350562554625,1.044896399214156,1.0,0.0,0.0,0.0,0.0,0.0,1.0,60.03989131385495
-0.5378183051416862,0.7226005400835656,-1.4308924352040975,0.22172576615816983,-1.0155887348669173,-0.30779350562554625,1.1857434772826965,0.0,0.0,1.0,0.0,0.0,1.0,0.0,51.54905281454645
-0.644116597225065,1.1941856527512802,1.03813812559791,-1.6667982105860097,1.4754779732972196,-0.30779350562554625,0.20962386727730706,0.0,0.0,1.0,0.0,0.0,0.0,1.0,36.81092527098032
1.3755509523591334,-1.3995324669211504,-0.7679949461648803,0.3217868561436494,-1.5138020764997446,-0.30779350562554625,1.1614456612049793,0.0,1.0,0.0,0.0,1.0,0.0,0.0,62.70996773341118
-0.780785829903695,0.015222871081993588,-1.2608420944723193,1.1662575243342361,-1.0155887348669173,-0.30779350562554625,-0.37284870181248736,0.0,1.0,0.0,0.0,0.0,1.0,0.0,32.89399424923122
-0.5150400996952478,0.2510154274158509,-1.0150606927635073,-0.3657169350662455,0.4790512900315648,-0.30779350562554625,1.672196916324421,0.0,0.0,1.0,0.0,0.0,1.0,0.0,50.448209572698985
-1.0693097655585806,0.7226005400835656,-0.5103900732409733,0.7550695003396481,-0.019162051601262522,-0.30779350562554625,1.7646452342721815,0.0,0.0,1.0,0.0,0.0,0.0,1.0,43.2027326256482
-1.1148661764514571,0.015222871081993588,-0.3009578913965498,-0.5216690114934535,-0.019162051601262522,-0.30779350562554625,-1.6516846620707053,0.0,1.0,0.0,1.0,0.0,0.0,0.0,25.426105952754007
-0.27966531008205175,0.2510154274158509,-0.17212851322272044,0.5673932817742836,0.4790512900315648,-0.30779350562554625,-0.813346667690427,0.0,0.0,1.0,0.0,0.0,0.0,1.0,32.148650553802
1.3527727469126951,-0.4563622415857211,-0.7682788166336496,-0.18232443916990068,0.4790512900315648,-0.30779350562554625,-0.26488667465388177,1.0,0.0,0.0,0.0,0.0,0.0,1.0,55.15664252828528
-0.4011490724630562,1.4299782090851376,0.7138665900334726,-0.8354894149064989,-1.5138020764997446,-0.30779350562554625,-0.8032825458385922,0.0,0.0,1.0,0.0,1.0,0.0,0.0,30.69250997587629
-1.4109828472551553,-0.6921547979195785,0.1660818127613396,0.25006843426982656,-0.5173753932340899,-0.30779350562554625,-0.8511990095861972,0.0,1.0,0.0,0.0,0.0,0.0,1.0,21.41751257005324
0.19867700429315313,-0.9279473542534358,1.0202081123515314,0.38312261706307776,-0.019162051601262522,-0.30779350562554625,-1.5557423568089006,0.0,0.0,1.0,0.0,0.0,1.0,0.0,35.82086139163689
-1.2819063497253382,-0.6921547979195785,0.9985493602148988,-1.5818349815720212,-0.019162051601262522,3.248931448269655,-0.5799180922488838,0.0,1.0,0.0,0.0,0.0,0.0,1.0,35.63798865170704
-0.05947599076648126,-0.4563622415857211,-0.5744168632318152,-1.6108697959867815,0.9772646316643921,-0.30779350562554625,-1.0267145900575452,1.0,0.0,0.0,1.0,0.0,0.0,0.0,33.21430954232683
1.1933253087876268,-1.163739910587293,-3.135968037190211,1.0513695404062218,-0.019162051601262522,-0.30779350562554625,0.03748561014749497,0.0,1.0,0.0,0.0,0.0,0.0,1.0,46.99124467974566
0.47960820479922583,1.4299782090851376,1.4129523156266084,1.4272576573853617,-1.0155887348669173,-0.30779350562554625,1.624108458583582,1.0,0.0,0.0,0.0,0.0,1.0,0.0,64.82519571776491
0.6618338483707324,-1.6353250232550078,0.6010652065614605,-0.05123802368132345,0.4790512900315648,3.248931448269655,0.914143058163017,1.0,0.0,0.0,0.0,0.0,1.0,0.0,65.84575689369433
0.4340517939063492,-1.6353250232550078,0.9688556236321832,0.17766984379683012,1.4754779732972196,-0.30779350562554625,1.756949785375795,0.0,0.0,1.0,0.0,1.0,0.0,0.0,60.79622004025845
0.5023864102456642,0.9583930964174229,-0.9710002686308569,0.1383776875609267,-0.5173753932340899,-0.30779350562554625,0.4275959310824062,0.0,0.0,1.0,0.0,0.0,1.0,0.0,42.13789863938872
-0.6972657432667545,-0.22056968525186374,-0.19518070048798838,0.1904264174643871,0.9772646316643921,-0.30779350562554625,-0.912760596987178,0.0,0.0,1.0,0.0,0.0,0.0,1.0,24.951914371248503
0.0164513607216465,1.1941856527512802,0.30273772174679126,0.029415444725180116,0.9772646316643921,-0.30779350562554625,1.5640375431894706,0.0,0.0,1.0,0.0,0.0,0.0,1.0,46.36845766601047
-1.3730191715110915,-1.163739910587293,0.5041072289278349,-1.624160521752713,-1.5138020764997446,-0.30779350562554625,-0.7574214324681503,1.0,0.0,0.0,0.0,1.0,0.0,0.0,28.518821448840303
-0.8870841219870739,0.48680798374970824,0.928547518330448,1.6686688359086086,-1.5138020764997446,-0.30779350562554625,1.6351813333695875,0.0,1.0,0.0,0.0,0.0,0.0,1.0,55.700980384120285
0.16071332854908923,0.9583930964174229,0.49084842739763807,0.5516383306785259,0.9772646316643921,-0.30779350562554625,1.7701073647962,0.0,0.0,1.0,0.0,0.0,1.0,0.0,62.61546841893608
0.7605394053052986,-0.22056968525186374,0.7112125287401242,0.8626539022844728,0.4790512900315648,-0.30779350562554625,-1.4187942042035888,0.0,0.0,1.0,0.0,0.0,1.0,0.0,41.32126700510049
-0.4694836888023712,-0.6921547979195785,-0.6610133138287823,-0.8870159000574455,1.4754779732972196,-0.30779350562554625,0.6635795274185949,1.0,0.0,0.0,0.0,1.0,0.0,0.0,46.05697815501792
-0.71245121356438,0.7226005400835656,-0.9662047820729845,-0.8057164978240767,0.9772646316643921,-0.30779350562554625,0.3076022624543431,0.0,1.0,0.0,1.0,0.0,0.0,0.0,43.36948874349917
1.2920308657221928,1.6657707654189948,-0.28722561853342854,-1.495201521866924,1.4754779732972196,-0.30779350562554625,1.2924665578752064,0.0,0.0,1.0,0.0,0.0,1.0,0.0,59.27451313166337
-0.25688710463561343,1.4299782090851376,0.7859239580746,1.5212345176847792,0.4790512900315648,3.248931448269655,0.8928968257757214,1.0,0.0,0.0,0.0,1.0,0.0,0.0,56.32568803906105
-0.19614522344511123,0.48680798374970824,0.8447957068090122,1.2892431349701283,0.4790512900315648,-0.30779350562554625,-0.9587607635194336,0.0,0.0,1.0,0.0,0.0,1.0,0.0,40.83991087157772
-1.1983862630883977,0.48680798374970824,0.21279019754440076,1.2602191888207335,-0.019162051601262522,-0.30779350562554625,-0.27455290804143556,1.0,0.0,0.0,0.0,0.0,1.0,0.0,30.11915726339217
0.9199868434303669,0.2510154274158509,-0.40150591205292724,0.4621054462759575,-0.5173753932340899,-0.30779350562554625,-1.4683046771416597,0.0,0.0,1.0,0.0,0.0,1.0,0.0,44.12403296360917
-0.1429960774034218,0.7226005400835656,-0.7583134083365723,-0.20306759377806338,0.4790512900315648,-0.30779350562554625,0.8897638655380263,0.0,0.0,1.0,0.0,0.0,0.0,1.0,47.09772643098356
1.2009180439364395,1.4299782090851376,0.5982026160167926,-1.2449174422536287,-1.0155887348669173,-0.30779350562554625,-1.3284691755045273,0.0,1.0,0.0,0.0,0.0,0.0,1.0,38.846223448220215
-0.10503240165935791,1.4299782090851376,-1.448029778780974,-1.3253660300742587,-0.5173753932340899,-0.30779350562554625,1.2784081961718743,0.0,1.0,0.0,0.0,0.0,0.0,1.0,52.1594636298296
0.1758987988467148,-1.6353250232550078,-0.02769753150687689,0.020731987984064275,1.4754779732972196,-0.30779350562554625,0.3541306093164085,0.0,0.0,1.0,0.0,0.0,1.0,0.0,35.13677188361807
0.06200777161452316,1.4299782090851376,0.761191533689584,-1.1934240366465054,0.4790512900315648,3.248931448269655,-1.6302401152201,0.0,0.0,1.0,0.0,0.0,0.0,1.0,50.19974135139675
-0.2948507803796773,0.9583930964174229,-0.8575419691776764,0.8702518011605354,1.4754779732972196,-0.30779350562554625,-1.352047708854808,0.0,0.0,1.0,0.0,0.0,0.0,1.0,27.55105051255697
-1.388204641808717,0.48680798374970824,-0.961504962486449,1.3935345540864237,0.4790512900315648,-0.30779350562554625,0.07668096165239775,0.0,1.0,0.0,0.0,0.0,1.0,0.0,28.30851581632198
-0.013919579873604603,-0.6921547979195785,0.7390342753728724,0.49405276584711394,-1.5138020764997446,-0.30779350562554625,0.09084136475219348,1.0,0.0,0.0,0.0,0.0,0.0,1.0,41.919807974869975
0.9048013731327413,0.2510154274158509,-1.201441437468036,1.5918506370941816,-0.019162051601262522,-0.30779350562554625,-1.298382761400661,0.0,1.0,0.0,0.0,0.0,1.0,0.0,42.26877358808445
-0.9630114734752017,1.6657707654189948,0.0671536841608999,-0.31524313145348964,0.9772646316643921,-0.30779350562554625,0.6504530417236597,0.0,0.0,1.0,0.0,0.0,0.0,1.0,42.65394571098668
-0.1126251368081707,-0.9279473542534358,0.45982945254055163,-1.3905664362745636,-0.019162051601262522,-0.30779350562554625,0.5673662053956916,0.0,0.0,1.0,0.0,1.0,0.0,0.0,42.768785120435794
-0.21892342889154956,0.7226005400835656,3.144739612853293,-0.3965788872371125,-1.5138020764997446,-0.30779350562554625,-0.44947051452974507,0.0,1.0,0.0,1.0,0.0,0.0,0.0,34.982513272835654
-1.5476520799337854,1.6657707654189948,0.09870030331686587,-1.441533400769092,-0.5173753932340899,-0.30779350562554625,-0.5094063257326772,0.0,0.0,1.0,0.0,1.0,0.0,0.0,22.374728825351024
1.1249906924483117,0.9583930964174229,1.4797907046830787,-0.9509439326299366,-0.019162051601262522,-0.30779350562554625,0.13963009130820078,0.0,0.0,1.0,0.0,1.0,0.0,0.0,48.5476034469008
-0.4391127482071201,-0.4563622415857211,0.39155597656952673,-0.5951717106086711,1.4754779732972196,-0.30779350562554625,1.112891534857806,0.0,1.0,0.0,0.0,0.0,1.0,0.0,35.528780533407016
3.0317163066939203,-0.22056968525186374,-0.8036909009672695,-0.11953008856426514,-1.0155887348669173,-0.30779350562554625,0.9179263356548345,1.0,0.0,0.0,0.0,0.0,0.0,1.0,201.3272265452355
0.6770193186683581,-0.22056968525186374,0.7900038068268164,0.7289428165303093,-0.5173753932340899,-0.30779350562554625,0.2775716196589237,0.0,0.0,1.0,1.0,0.0,0.0,0.0,45.51292141805697
0.07719324191214871,1.4299782090851376,1.3852639925919281,1.6368944385040916,0.4790512900315648,-0.30779350562554625,-1.1117406696317398,0.0,0.0,1.0,0.0,1.0,0.0,0.0,40.6093720103473
-1.426168317552781,-1.163739910587293,-0.015336360946490346,1.3009340988120301,1.4754779732972196,-0.30779350562554625,0.6468612080648903,0.0,0.0,1.0,1.0,0.0,0.0,0.0,36.07175708613143
-0.8946768571358866,-0.22056968525186374,-1.3000156631865265,0.9295470678316807,-0.5173753932340899,-0.30779350562554625,0.6156584101494177,1.0,0.0,0.0,0.0,0.0,0.0,1.0,52.83357599233442
-0.9402332680287633,-0.6921547979195785,1.467032986786303,-0.7819305004841817,1.4754779732972196,3.248931448269655,0.671540794880841,0.0,1.0,0.0,0.0,1.0,0.0,0.0,55.45372001762165
-0.09743966651054514,0.015222871081993588,0.3844019099703301,-1.5736932205928833,-1.5138020764997446,-0.30779350562554625,-0.9977818863137748,0.0,0.0,1.0,0.0,0.0,1.0,0.0,31.78580673014093
0.3657171775670342,-0.22056968525186374,-1.374867699141089,-1.4957603282766103,0.4790512900315648,-0.30779350562554625,-1.1842928032469624,0.0,1.0,0.0,0.0,0.0,1.0,0.0,37.71238989021671
-0.9630114734752017,-0.4563622415857211,-1.1611927565591103,0.6480361959415643,-1.5138020764997446,-0.30779350562554625,1.6993296444772272,0.0,0.0,1.0,0.0,0.0,1.0,0.0,43.73146373616711
-0.4542982185047456,-1.3995324669211504,-1.463550450918979,1.3164298025135535,-0.5173753932340899,-0.30779350562554625,-1.7110763479209514,0.0,0.0,1.0,0.0,1.0,0.0,0.0,23.42633333540604
0.28219709093009365,-0.9279473542534358,0.9222084805495071,1.2769615411311577,-0.5173753932340899,-0.30779350562554625,0.7847263225098701,0.0,0.0,1.0,0.0,0.0,1.0,0.0,51.89996540948298
-0.48466915909999675,-1.6353250232550078,0.8697415299506862,1.364314973679495,-1.0155887348669173,-0.30779350562554625,-0.41249195763532986,0.0,0.0,1.0,0.0,0.0,0.0,1.0,33.169086838060835
0.6694265835195452,0.7226005400835656,0.18402764017303302,-0.7003607666360092,0.9772646316643921,-0.30779350562554625,-1.5725095804539932,0.0,1.0,0.0,0.0,0.0,1.0,0.0,35.982798959573486
-1.12245891160027,1.4299782090851376,0.4303084971941913,0.014680185854060576,-1.0155887348669173,-0.30779350562554625,-1.4818181230537997,0.0,0.0,1.0,0.0,0.0,1.0,0.0,19.702327331378385
-0.21892342889154956,1.1941856527512802,1.508932089851635,-0.5944940026768987,-0.5173753932340899,-0.30779350562554625,1.0905800618956467,0.0,0.0,1.0,1.0,0.0,0.0,0.0,35.99731048490554
0.8516522270910519,-1.3995324669211504,0.8691523560603981,0.324436544305341,-0.5173753932340899,-0.30779350562554625,0.726106067563087,0.0,0.0,1.0,1.0,0.0,0.0,0.0,48.88488574689809
-1.5020956690409086,-1.6353250232550078,0.9895481094295652,-0.7754918766733562,-1.5138020764997446,-0.30779350562554625,-0.3646048759486918,0.0,1.0,0.0,0.0,0.0,1.0,0.0,37.55246724436765
-0.8263422407965717,-0.22056968525186374,-0.7801128472422371,0.7797057937963505,-1.0155887348669173,-0.30779350562554625,-0.3765691377436306,1.0,0.0,0.0,0.0,0.0,1.0,0.0,32.44114132276269
-0.7200439487131928,-0.22056968525186374,-1.3806182432732874,-1.2036328447473001,-0.5173753932340899,-0.30779350562554625,-0.8561806297296448,0.0,0.0,1.0,1.0,0.0,0.0,0.0,27.467650669579225
0.4036808533110981,-1.163739910587293,-0.9553755884908801,-1.333756997342028,-0.019162051601262522,-0.30779350562554625,-1.5358057626150907,0.0,0.0,1.0,0.0,0.0,1.0,0.0,11.181281617099684
0.4644227345016003,0.2510154274158509,-0.879626715426551,-0.9788406320225511,1.4754779732972196,-0.30779350562554625,-0.23297346053085694,0.0,0.0,1.0,0.0,0.0,1.0,0.0,40.124705966212645
0.4264590587575364,0.48680798374970824,1.1631253389958238,0.7539766031197259,-0.5173753932340899,-0.30779350562554625,-0.6439178000996628,0.0,0.0,1.0,0.0,0.0,1.0,0.0,39.73588677886973
0.13034238795383815,0.7226005400835656,1.1906224939118484,-0.3462408672925601,0.9772646316643921,-0.30779350562554625,0.16045055439558276,0.0,0.0,1.0,0.0,0.0,1.0,0.0,34.68493313822266
0.7605394053052986,0.7226005400835656,-0.9313589943472191,-0.9829508116560876,-1.0155887348669173,-0.30779350562554625,0.6639131450553307,0.0,0.0,1.0,0.0,0.0,1.0,0.0,47.94267080358176
-1.600801225975475,-1.6353250232550078,-1.0948026911620217,-0.7599527628816444,0.4790512900315648,-0.30779350562554625,-0.42043008133331666,0.0,0.0,1.0,1.0,0.0,0.0,0.0,24.460260168036346
0.8668376973886774,-1.163739910587293,0.8830023616536933,0.44866597506826644,0.9772646316643921,-0.30779350562554625,0.3792324379926328,0.0,0.0,1.0,0.0,0.0,1.0,0.0,47.23485390110691
-1.2363499388324615,-0.9279473542534358,1.271795025787525,-0.6786605024551872,-1.5138020764997446,-0.30779350562554625,0.0036288783917629475,0.0,1.0,0.0,0.0,1.0,0.0,0.0,31.264418840589677
-0.4694836888023712,-0.9279473542534358,0.15760253512022993,0.7764013835293169,-0.019162051601262522,-0.30779350562554625,0.7522095419321554,0.0,0.0,1.0,0.0,0.0,1.0,0.0,51.02067059490352
0.32016076667415755,0.2510154274158509,-1.4111984329167901,1.2156765073052649,-0.019162051601262522,-0.30779350562554625,-0.052183156479962634,0.0,0.0,1.0,0.0,0.0,0.0,1.0,45.21106349139713
-0.31762898582611565,-1.3995324669211504,0.31978015621175293,0.6427390065143666,-1.5138020764997446,-0.30779350562554625,0.7570529325094726,0.0,0.0,1.0,0.0,0.0,0.0,1.0,37.96778910636508
-0.5226328348440606,1.1941856527512802,0.5983728081324735,1.110669446932498,0.9772646316643921,-0.30779350562554625,-0.0032288323194421416,1.0,0.0,0.0,1.0,0.0,0.0,0.0,44.27149612194058
-0.8187495056477588,-1.3995324669211504,-0.09218961321029448,-1.4469214896083364,0.4790512900315648,3.248931448269655,1.1269167919943854,0.0,0.0,1.0,0.0,0.0,0.0,1.0,56.54150423153591
-0.1809597531474857,1.6657707654189948,-0.32362625582642685,1.2349131011666792,-1.0155887348669173,-0.30779350562554625,0.011206262321391323,1.0,0.0,0.0,0.0,0.0,1.0,0.0,41.35946784132371
-1.3730191715110915,-1.3995324669211504,-3.135968037190211,-1.2864669023031918,0.9772646316643921,-0.30779350562554625,1.7354654901571251,1.0,0.0,0.0,0.0,0.0,1.0,0.0,36.16348255236464
